id,coordinate,init_speed,space_occupancy,physical_condition
0,"[34.75726811442331, 93.87557372784592]",1.2,0.21,without_wheelchair
1,"[81.83211111669945, 75.87531609962238]",1.2,0.21,without_wheelchair
2,"[65.05799067546076, 2.801541688876768]",1.2,0.21,without_wheelchair
3,"[7.521808673638729, 28.10041807865274]",1.2,0.21,without_wheelchair
4,"[53.45521576444328, 3.006467278571999]",1.2,0.21,without_wheelchair
5,"[40.266932030947984, 98.92387292228348]",1.2,0.21,without_wheelchair
6,"[29.18179533401925, 101.66197608219878]",1.2,0.21,without_wheelchair
7,"[53.43593035041929, 76.05987415792985]",1.2,0.21,without_wheelchair
8,"[85.58217968315854, 8.984655424316118]",1.2,0.21,without_wheelchair
9,"[84.12950478292707, 117.95469065332432]",1.2,0.21,without_wheelchair
10,"[82.03754915665948, 83.25050377802734]",1.2,0.21,without_wheelchair
11,"[80.00197488241832, 119.93563027431223]",1.2,0.21,without_wheelchair
12,"[54.88816851296692, 11.314019609930394]",1.2,0.21,without_wheelchair
13,"[6.1258661250316075, 123.60029434292392]",1.2,0.21,without_wheelchair
14,"[59.915246291893325, 78.62350286365496]",1.2,0.21,without_wheelchair
15,"[84.72015233763528, 19.361955718139804]",1.2,0.21,without_wheelchair
16,"[9.172359334068375, 24.66575817564812]",1.2,0.21,without_wheelchair
17,"[84.1044869865195, 70.55821099204582]",0.5,0.91,with_wheelchair
18,"[73.25408716278716, 122.0237003757087]",1.2,0.21,without_wheelchair
19,"[14.188380342937005, 91.57994082710327]",1.2,0.21,without_wheelchair
20,"[52.92187650168688, 42.499081010930844]",0.5,0.91,with_wheelchair
21,"[89.47766241415202, 38.7451159881572]",1.2,0.21,without_wheelchair
22,"[76.8594678484054, 47.718640306632786]",1.2,0.21,without_wheelchair
23,"[9.584674693341524, 18.155476462685126]",1.2,0.21,without_wheelchair
24,"[61.76716674197925, 108.01753990466476]",1.2,0.21,without_wheelchair
25,"[20.503722979233647, 103.27195456234291]",0.5,0.91,with_wheelchair
26,"[4.745601322191319, 99.4294519128916]",1.2,0.21,without_wheelchair
27,"[86.39472775379656, 68.47916624806567]",1.2,0.21,without_wheelchair
28,"[89.74660234340422, 109.80944561362602]",1.2,0.21,without_wheelchair
29,"[22.318087271058523, 50.983381282885176]",1.2,0.21,without_wheelchair
30,"[90.29653373581692, 8.957442974377479]",1.2,0.21,without_wheelchair
31,"[9.120528210572466, 45.39025443979498]",1.2,0.21,without_wheelchair
32,"[28.420835724249066, 80.96607252545883]",1.2,0.21,without_wheelchair
33,"[90.76886398893782, 99.78492142759511]",1.2,0.21,without_wheelchair
34,"[51.66768072870638, 32.439893464058244]",1.2,0.21,without_wheelchair
35,"[80.79731648271829, 104.66381795712725]",1.2,0.21,without_wheelchair
36,"[36.676664578679265, 51.63696418864996]",1.2,0.21,without_wheelchair
37,"[32.72445331119615, 5.758821540772771]",1.2,0.21,without_wheelchair
38,"[65.80752442695204, 76.79655427352637]",1.2,0.21,without_wheelchair
39,"[54.81658870965399, 58.40776440106194]",0.5,0.91,with_wheelchair
40,"[76.18172684294152, 77.64957845675842]",1.2,0.21,without_wheelchair
41,"[39.02298742972176, 89.51880808780497]",1.2,0.21,without_wheelchair
42,"[93.48098254820047, 40.18070859452926]",1.2,0.21,without_wheelchair
43,"[11.321608410024645, 35.25967031915284]",1.2,0.21,without_wheelchair
44,"[75.92684957719287, 90.9678079670069]",1.2,0.21,without_wheelchair
45,"[13.056627541902378, 60.802194530667215]",1.2,0.21,without_wheelchair
46,"[39.0711595827856, 20.61746759651979]",0.5,0.91,with_wheelchair
47,"[13.669464353047902, 106.48796874736168]",1.2,0.21,without_wheelchair
48,"[75.69772561850908, 70.43352644322958]",1.2,0.21,without_wheelchair
49,"[17.263064546264992, 21.294206566037868]",1.2,0.21,without_wheelchair
50,"[46.11415595291134, 114.87006997185657]",1.2,0.21,without_wheelchair
51,"[27.012479772258985, 64.32442304292164]",0.5,0.91,with_wheelchair
52,"[22.66396769495424, 90.72762966038142]",1.2,0.21,without_wheelchair
53,"[4.715600521226015, 2.0062090422975185]",1.2,0.21,without_wheelchair
54,"[25.850389366903748, 28.166286392782833]",1.2,0.21,without_wheelchair
55,"[47.21898619486639, 6.681160512734946]",1.2,0.21,without_wheelchair
56,"[57.640733199420445, 34.94420667172799]",1.2,0.21,without_wheelchair
57,"[61.77268311642018, 16.134380703010255]",0.5,0.91,with_wheelchair
58,"[66.32578019251716, 22.71370940377718]",1.2,0.21,without_wheelchair
59,"[30.501700320848826, 107.74138174197991]",1.2,0.21,without_wheelchair
60,"[50.41008081692384, 89.73140885400744]",1.2,0.21,without_wheelchair
61,"[70.59191393129923, 8.536168840735893]",1.2,0.21,without_wheelchair
62,"[26.872170248875477, 53.205897110327896]",1.2,0.21,without_wheelchair
63,"[96.650114198923, 32.1770327225304]",1.2,0.21,without_wheelchair
64,"[16.720010745085382, 117.5010451980006]",1.2,0.21,without_wheelchair
65,"[36.033236331700635, 78.1116195484476]",1.2,0.21,without_wheelchair
66,"[14.399057425395743, 90.56521492169944]",1.2,0.21,without_wheelchair
67,"[29.406473693956453, 119.96888960028285]",1.2,0.21,without_wheelchair
68,"[3.86899018212538, 100.65116485677922]",1.2,0.21,without_wheelchair
69,"[41.48374475499702, 73.2963688794288]",0.5,0.91,with_wheelchair
70,"[35.28891511821186, 85.79491536908587]",0.5,0.91,with_wheelchair
71,"[63.60046424044128, 37.267171741726706]",1.2,0.21,without_wheelchair
72,"[13.668256031093279, 65.6424415153359]",1.2,0.21,without_wheelchair
73,"[93.9354751748703, 116.64984384830996]",1.2,0.21,without_wheelchair
74,"[61.983300818937074, 100.10007422945216]",1.2,0.21,without_wheelchair
75,"[64.40717545283755, 13.629310381943148]",1.2,0.21,without_wheelchair
76,"[74.63902130648718, 44.59944646846306]",1.2,0.21,without_wheelchair
77,"[53.84078468515658, 36.45406220627245]",1.2,0.21,without_wheelchair
78,"[27.347737190224134, 118.06744062084294]",1.2,0.21,without_wheelchair
79,"[60.899270624262755, 18.174497240623023]",1.2,0.21,without_wheelchair
80,"[12.87701714362765, 8.94055540677753]",0.5,0.91,with_wheelchair
81,"[20.596162275468576, 112.02900522129049]",1.2,0.21,without_wheelchair
82,"[74.62638005703708, 15.73253465988845]",1.2,0.21,without_wheelchair
83,"[30.957313323987872, 117.78966776180907]",1.2,0.21,without_wheelchair
84,"[29.027286849847513, 10.035975475360823]",0.5,0.91,with_wheelchair
85,"[11.07295686842706, 92.78659639004866]",1.2,0.21,without_wheelchair
86,"[31.526286797584607, 56.59692431168455]",1.2,0.21,without_wheelchair
87,"[57.654395665100715, 51.29002836838386]",1.2,0.21,without_wheelchair
88,"[92.70293213871689, 63.17431068223705]",1.2,0.21,without_wheelchair
89,"[92.20840046641757, 66.5866849474647]",1.2,0.21,without_wheelchair
90,"[84.28452736581862, 40.58511709611536]",1.2,0.21,without_wheelchair
91,"[100.75870534485918, 100.98626572439264]",1.2,0.21,without_wheelchair
92,"[40.23678106031919, 72.57720659087332]",1.2,0.21,without_wheelchair
93,"[17.462178171190445, 97.00346226939857]",1.2,0.21,without_wheelchair
94,"[59.073749419420984, 11.93513533189743]",1.2,0.21,without_wheelchair
95,"[25.322864571267747, 62.391674289604595]",1.2,0.21,without_wheelchair
96,"[1.2645755028860706, 57.88283133010208]",1.2,0.21,without_wheelchair
97,"[73.90895663598994, 29.202889813637267]",0.5,0.91,with_wheelchair
98,"[15.008728719961058, 120.17919091875534]",0.5,0.91,with_wheelchair
99,"[44.31993836577752, 88.53229378687658]",1.2,0.21,without_wheelchair
100,"[52.350517724104684, 95.26898642516306]",1.2,0.21,without_wheelchair
101,"[76.35527695327107, 8.461508399546235]",1.2,0.21,without_wheelchair
102,"[2.7270000022387246, 53.15593661002231]",1.2,0.21,without_wheelchair
103,"[83.69284258480981, 43.762439444475454]",0.5,0.91,with_wheelchair
104,"[71.69234929205626, 109.58330311882007]",1.2,0.21,without_wheelchair
105,"[94.88530228605691, 111.8582569742357]",0.5,0.91,with_wheelchair
106,"[10.353207281730683, 6.068944302508474]",0.5,0.91,with_wheelchair
107,"[19.09494138955894, 78.1623640642579]",1.2,0.21,without_wheelchair
108,"[51.21789330089713, 93.20423073995813]",1.2,0.21,without_wheelchair
109,"[20.347733216965032, 71.15026636283251]",0.5,0.91,with_wheelchair
110,"[96.51112263277076, 9.73660961130666]",1.2,0.21,without_wheelchair
111,"[46.661169660418224, 11.571210303248197]",0.5,0.91,with_wheelchair
112,"[69.55532593069319, 75.86644548539924]",1.2,0.21,without_wheelchair
113,"[7.244515062137051, 46.28131408364046]",1.2,0.21,without_wheelchair
114,"[1.520250768662465, 28.575587731173997]",1.2,0.21,without_wheelchair
115,"[87.59945222945618, 58.13593099817343]",1.2,0.21,without_wheelchair
116,"[71.71223214724702, 68.63509095046214]",1.2,0.21,without_wheelchair
117,"[73.71761604920151, 72.07133213785579]",1.2,0.21,without_wheelchair
118,"[44.561939998489, 65.29516352611033]",1.2,0.21,without_wheelchair
119,"[64.87824009076864, 0.7864882803814589]",0.5,0.91,with_wheelchair
120,"[53.698567894311125, 49.44879410047925]",1.2,0.21,without_wheelchair
121,"[75.64362474835934, 13.34970562916379]",1.2,0.21,without_wheelchair
122,"[51.09513004186977, 59.62342254375201]",0.5,0.91,with_wheelchair
123,"[80.88784963139199, 86.53098883256696]",1.2,0.21,without_wheelchair
124,"[61.71760205476792, 74.30734644057621]",1.2,0.21,without_wheelchair
125,"[15.17027055699525, 119.2189214169893]",1.2,0.21,without_wheelchair
126,"[58.69191280669764, 63.38027809488425]",0.5,0.91,with_wheelchair
127,"[55.675002661449, 117.622987499978]",1.2,0.21,without_wheelchair
128,"[69.47523137055745, 96.63331066039527]",1.2,0.21,without_wheelchair
129,"[21.318531000282977, 96.43997009847666]",1.2,0.21,without_wheelchair
130,"[26.24702862127671, 63.33602977609244]",1.2,0.21,without_wheelchair
131,"[99.97874581321187, 3.1836925381582457]",1.2,0.21,without_wheelchair
132,"[28.61711854962445, 59.769324320956684]",0.5,0.91,with_wheelchair
133,"[75.95998490422922, 67.55100779543173]",1.2,0.21,without_wheelchair
134,"[19.141731783089615, 90.00073060055409]",1.2,0.21,without_wheelchair
135,"[52.12558108004263, 63.23900514881342]",1.2,0.21,without_wheelchair
136,"[85.23778440235937, 105.93864072428171]",1.2,0.21,without_wheelchair
137,"[23.057095217292126, 32.86060240391375]",0.5,0.91,with_wheelchair
138,"[84.7429226850557, 82.48704499129697]",1.2,0.21,without_wheelchair
139,"[33.209519984585405, 78.08964826970286]",1.2,0.21,without_wheelchair
140,"[74.54390889370158, 120.00679861907396]",0.5,0.91,with_wheelchair
141,"[37.058620671562025, 19.83704831976155]",1.2,0.21,without_wheelchair
142,"[99.26646314717422, 115.67198719183158]",1.2,0.21,without_wheelchair
143,"[78.96060291145217, 10.109288260881343]",1.2,0.21,without_wheelchair
144,"[21.280105746505217, 98.77328325848121]",0.5,0.91,with_wheelchair
145,"[0.11009013332756894, 114.50221519533251]",1.2,0.21,without_wheelchair
146,"[60.117405990751614, 47.17511288859448]",1.2,0.21,without_wheelchair
147,"[75.23931754960225, 42.823376228947744]",1.2,0.21,without_wheelchair
148,"[36.07187782776333, 6.854635595773439]",1.2,0.21,without_wheelchair
149,"[24.65061819199628, 77.89286255596683]",1.2,0.21,without_wheelchair
150,"[55.63946880235176, 98.98242214489763]",1.2,0.21,without_wheelchair
151,"[13.0926604436812, 14.299025890145405]",0.5,0.91,with_wheelchair
152,"[73.82271701936192, 79.85692745505956]",1.2,0.21,without_wheelchair
153,"[73.41782859501228, 110.47862333837341]",1.2,0.21,without_wheelchair
154,"[78.54512394754663, 97.69265474559569]",1.2,0.21,without_wheelchair
155,"[0.3328553350402932, 92.41772009254437]",1.2,0.21,without_wheelchair
156,"[5.292922720548998, 96.96631062478966]",1.2,0.21,without_wheelchair
157,"[52.944486336896595, 106.9750030836951]",0.5,0.91,with_wheelchair
158,"[2.66016974111062, 53.9807059381849]",1.2,0.21,without_wheelchair
159,"[25.136529943739387, 26.714799603428848]",1.2,0.21,without_wheelchair
160,"[42.2236062669476, 38.11476448772615]",1.2,0.21,without_wheelchair
161,"[65.20737303509162, 71.92469380161803]",1.2,0.21,without_wheelchair
162,"[7.63899357515166, 32.54285955731537]",1.2,0.21,without_wheelchair
163,"[49.72605920473784, 118.65460418650456]",1.2,0.21,without_wheelchair
164,"[84.15361316549604, 72.86505134983386]",1.2,0.21,without_wheelchair
165,"[6.069522893213987, 8.552848555151012]",1.2,0.21,without_wheelchair
166,"[61.58612076542887, 87.6751314236322]",0.5,0.91,with_wheelchair
167,"[82.5629362712463, 76.44146538058452]",1.2,0.21,without_wheelchair
168,"[4.664892838131052, 91.36570182772869]",0.5,0.91,with_wheelchair
169,"[80.54209067291852, 71.86163961699177]",1.2,0.21,without_wheelchair
170,"[100.92767479820938, 98.86142729738992]",0.5,0.91,with_wheelchair
171,"[85.35281720458019, 0.5300137524785569]",0.5,0.91,with_wheelchair
172,"[19.540577636361192, 74.19089877461876]",1.2,0.21,without_wheelchair
173,"[68.92887557300011, 46.28076469804708]",0.5,0.91,with_wheelchair
174,"[24.709937243638432, 88.89394897989433]",0.5,0.91,with_wheelchair
175,"[63.66154274301289, 26.859503270797738]",1.2,0.21,without_wheelchair
176,"[93.55715516479718, 52.511721397294586]",0.5,0.91,with_wheelchair
177,"[4.353324821412671, 64.920181239862]",1.2,0.21,without_wheelchair
178,"[79.54786922537544, 82.68245296208056]",1.2,0.21,without_wheelchair
179,"[63.139460085476294, 76.59017374712057]",1.2,0.21,without_wheelchair
180,"[1.8518858137956555, 21.307733062835077]",1.2,0.21,without_wheelchair
181,"[87.61181944431833, 61.61890041437932]",1.2,0.21,without_wheelchair
182,"[22.216770014323878, 65.89225443011438]",0.5,0.91,with_wheelchair
183,"[69.79138898982227, 20.04388888361449]",1.2,0.21,without_wheelchair
184,"[26.758429490556043, 32.83480148279969]",1.2,0.21,without_wheelchair
185,"[13.630086191708301, 64.18428013992484]",1.2,0.21,without_wheelchair
186,"[89.8591092802553, 99.34959025324022]",1.2,0.21,without_wheelchair
187,"[34.947865709495005, 113.44971352650992]",1.2,0.21,without_wheelchair
188,"[87.29307303201134, 34.721222628717854]",1.2,0.21,without_wheelchair
189,"[31.21923312054595, 73.07344488847322]",1.2,0.21,without_wheelchair
190,"[80.78272440559178, 19.227546421449258]",1.2,0.21,without_wheelchair
191,"[98.4868254074608, 109.07920083595333]",1.2,0.21,without_wheelchair
192,"[84.11213698034422, 66.18958902136245]",1.2,0.21,without_wheelchair
193,"[46.46590151449146, 122.83385217081681]",1.2,0.21,without_wheelchair
194,"[74.41102970322974, 58.9039143408625]",1.2,0.21,without_wheelchair
195,"[18.925885140686947, 0.3411769093184582]",1.2,0.21,without_wheelchair
196,"[45.86108760393626, 122.86751764889709]",1.2,0.21,without_wheelchair
197,"[78.50938163504404, 20.399031381165706]",1.2,0.21,without_wheelchair
198,"[24.90283361344557, 90.72163851498156]",1.2,0.21,without_wheelchair
199,"[61.7469359413099, 71.64949650588343]",1.2,0.21,without_wheelchair
200,"[91.15980069764178, 9.358888316211447]",1.2,0.21,without_wheelchair
201,"[26.13189514489987, 44.54666865544991]",1.2,0.21,without_wheelchair
202,"[58.93786700945893, 98.44126213496499]",1.2,0.21,without_wheelchair
203,"[77.47747007099973, 84.77299986682699]",1.2,0.21,without_wheelchair
204,"[73.78944339289968, 55.210263678365635]",1.2,0.21,without_wheelchair
205,"[56.09380578869193, 115.75199645725601]",1.2,0.21,without_wheelchair
206,"[61.68961347531829, 66.52220284344992]",0.5,0.91,with_wheelchair
207,"[46.332608660619286, 22.56383176153715]",0.5,0.91,with_wheelchair
208,"[68.76031687723061, 36.25863243400969]",1.2,0.21,without_wheelchair
209,"[90.00654692915833, 64.454853763651]",1.2,0.21,without_wheelchair
210,"[22.195140492384574, 1.778771302709239]",1.2,0.21,without_wheelchair
211,"[58.77534048506982, 32.02384448665359]",0.5,0.91,with_wheelchair
212,"[8.386968160486045, 82.99861174651507]",0.5,0.91,with_wheelchair
213,"[32.95836189176463, 79.35056385507306]",1.2,0.21,without_wheelchair
214,"[29.264769698666175, 97.51232709571295]",1.2,0.21,without_wheelchair
215,"[10.695835583759596, 46.842109001492254]",1.2,0.21,without_wheelchair
216,"[98.82720772975371, 64.09843068820292]",1.2,0.21,without_wheelchair
217,"[2.2262104338055115, 65.46896366012116]",1.2,0.21,without_wheelchair
218,"[36.909040911761736, 13.891286725304294]",1.2,0.21,without_wheelchair
219,"[21.493698077171736, 103.45116514237067]",1.2,0.21,without_wheelchair
220,"[90.99223836126042, 49.675149673035286]",1.2,0.21,without_wheelchair
221,"[11.008770044667532, 95.82599915295178]",1.2,0.21,without_wheelchair
222,"[35.990975506026366, 73.25239966892673]",1.2,0.21,without_wheelchair
223,"[29.155364824529453, 122.86604691214372]",0.5,0.91,with_wheelchair
224,"[31.404660550386712, 111.17628203289608]",1.2,0.21,without_wheelchair
225,"[2.7877954011581987, 61.55780008504856]",0.5,0.91,with_wheelchair
226,"[58.12019038840583, 28.02473068740015]",0.5,0.91,with_wheelchair
227,"[10.836716937232936, 72.83062006279084]",1.2,0.21,without_wheelchair
228,"[29.50280550101904, 84.18241059808409]",1.2,0.21,without_wheelchair
229,"[75.30397624867769, 94.50862173634825]",1.2,0.21,without_wheelchair
230,"[7.56449767622567, 122.61864179204815]",0.5,0.91,with_wheelchair
231,"[70.85245757473668, 115.27275109363612]",0.5,0.91,with_wheelchair
232,"[45.871598610259966, 30.254083713281435]",1.2,0.21,without_wheelchair
233,"[66.70351927052239, 79.31684691806957]",1.2,0.21,without_wheelchair
234,"[65.09695377240325, 83.72217132886246]",1.2,0.21,without_wheelchair
235,"[15.084929265800907, 4.017698361421965]",1.2,0.21,without_wheelchair
236,"[9.953159173383623, 47.57580998359372]",0.5,0.91,with_wheelchair
237,"[8.02235469868782, 2.8243297166835064]",0.5,0.91,with_wheelchair
238,"[97.79882673771597, 98.73824046549676]",1.2,0.21,without_wheelchair
239,"[7.989135525810339, 110.18793518282273]",0.5,0.91,with_wheelchair
240,"[59.68677517693103, 74.76055267671241]",1.2,0.21,without_wheelchair
241,"[34.79785863798537, 50.660541432070566]",1.2,0.21,without_wheelchair
242,"[89.29966217798457, 121.20245173771087]",1.2,0.21,without_wheelchair
243,"[63.65546238649997, 9.072618427008102]",1.2,0.21,without_wheelchair
244,"[8.643163775240394, 55.36655302626319]",1.2,0.21,without_wheelchair
245,"[56.9407246628535, 107.72883804226623]",1.2,0.21,without_wheelchair
246,"[96.58816525336414, 121.83080895664706]",1.2,0.21,without_wheelchair
247,"[45.17631446477384, 18.268732232033248]",0.5,0.91,with_wheelchair
248,"[3.7116949778822486, 27.91045045924196]",1.2,0.21,without_wheelchair
249,"[69.92435637093946, 64.48134639557144]",1.2,0.21,without_wheelchair
250,"[77.35450027112242, 84.26442464978763]",1.2,0.21,without_wheelchair
251,"[83.04226145842381, 11.33230756496426]",1.2,0.21,without_wheelchair
252,"[69.72746384571747, 98.94616410132426]",0.5,0.91,with_wheelchair
253,"[56.78810491953931, 107.21601938097625]",1.2,0.21,without_wheelchair
254,"[73.45727194025785, 77.2852018560338]",1.2,0.21,without_wheelchair
255,"[0.2330593771742385, 74.4198027923538]",1.2,0.21,without_wheelchair
256,"[61.110167533732046, 76.22593575797664]",1.2,0.21,without_wheelchair
257,"[41.178727327331465, 83.90613176835431]",1.2,0.21,without_wheelchair
258,"[5.962183911025267, 90.33134637095567]",0.5,0.91,with_wheelchair
259,"[11.494773435432698, 120.60583202033985]",1.2,0.21,without_wheelchair
260,"[53.163607428896434, 46.04228460436482]",1.2,0.21,without_wheelchair
261,"[38.18073364778885, 24.421462820930323]",1.2,0.21,without_wheelchair
262,"[79.89988932619202, 52.67777911026834]",1.2,0.21,without_wheelchair
263,"[22.61299147806803, 79.10193264840427]",1.2,0.21,without_wheelchair
264,"[10.309117613212187, 98.24315345086882]",1.2,0.21,without_wheelchair
265,"[5.050233182193235, 78.47251746575274]",1.2,0.21,without_wheelchair
266,"[89.80870007563864, 7.916141995296184]",1.2,0.21,without_wheelchair
267,"[29.31864980867119, 96.94615033142918]",1.2,0.21,without_wheelchair
268,"[73.5390149810599, 81.35922882319456]",1.2,0.21,without_wheelchair
269,"[21.359737934323533, 75.58886148258311]",0.5,0.91,with_wheelchair
270,"[18.853866668765704, 8.87849039178671]",1.2,0.21,without_wheelchair
271,"[47.716578395271306, 73.07973298480813]",0.5,0.91,with_wheelchair
272,"[68.09750537111884, 35.10754443645171]",1.2,0.21,without_wheelchair
273,"[76.75360299594884, 76.624189714715]",0.5,0.91,with_wheelchair
274,"[63.868220651103435, 53.32562310655584]",0.5,0.91,with_wheelchair
275,"[96.71749699366401, 89.65030451241694]",1.2,0.21,without_wheelchair
276,"[99.27373217279597, 65.11457729552517]",1.2,0.21,without_wheelchair
277,"[27.38124298814619, 82.96714184845578]",1.2,0.21,without_wheelchair
278,"[4.382741383309699, 27.339753310218835]",1.2,0.21,without_wheelchair
279,"[75.55009996504852, 65.9631002834114]",1.2,0.21,without_wheelchair
280,"[2.122780296326828, 35.86334217507918]",1.2,0.21,without_wheelchair
281,"[86.74055233962203, 47.85070084367196]",1.2,0.21,without_wheelchair
282,"[20.135061786569306, 24.973090020872423]",0.5,0.91,with_wheelchair
283,"[40.21430233183846, 115.76859328745603]",1.2,0.21,without_wheelchair
284,"[9.034404018825962, 9.57290085746825]",1.2,0.21,without_wheelchair
285,"[1.993546975588962, 7.219704993123498]",1.2,0.21,without_wheelchair
286,"[67.95573357539952, 53.825069007840575]",1.2,0.21,without_wheelchair
287,"[64.79613568466952, 9.97403001305005]",1.2,0.21,without_wheelchair
288,"[31.56800313865804, 95.32343727756016]",1.2,0.21,without_wheelchair
289,"[70.56959553680949, 79.9744853267857]",1.2,0.21,without_wheelchair
290,"[93.42881250794647, 1.7836799549087758]",1.2,0.21,without_wheelchair
291,"[26.770348501661886, 74.98589680419923]",1.2,0.21,without_wheelchair
292,"[18.44500310592357, 103.49500893686887]",1.2,0.21,without_wheelchair
293,"[44.880037063599566, 78.95218077163958]",1.2,0.21,without_wheelchair
294,"[12.29583602304459, 33.69936744060029]",0.5,0.91,with_wheelchair
295,"[56.19620505449613, 30.716268698041517]",1.2,0.21,without_wheelchair
296,"[91.79005864094027, 57.71446201617238]",1.2,0.21,without_wheelchair
297,"[92.99863478689595, 63.75430518075754]",1.2,0.21,without_wheelchair
298,"[30.09959307926671, 101.2042874595336]",1.2,0.21,without_wheelchair
299,"[13.894590014614913, 94.2685154996171]",1.2,0.21,without_wheelchair
300,"[21.252031659196717, 21.474838362141067]",1.2,0.21,without_wheelchair
301,"[32.19679622263965, 46.577867157944304]",1.2,0.21,without_wheelchair
302,"[13.797381182590998, 18.10859697853132]",1.2,0.21,without_wheelchair
303,"[26.7540140626281, 28.556638659413498]",1.2,0.21,without_wheelchair
304,"[59.415289870786005, 75.68565410270709]",1.2,0.21,without_wheelchair
305,"[83.04157841309033, 65.26071647635324]",1.2,0.21,without_wheelchair
306,"[21.228906580679123, 32.52670655584832]",1.2,0.21,without_wheelchair
307,"[27.4161285222098, 116.60852866114135]",0.5,0.91,with_wheelchair
308,"[49.46698563518989, 54.90340538654254]",0.5,0.91,with_wheelchair
309,"[42.00873941636109, 5.511751413418943]",1.2,0.21,without_wheelchair
310,"[27.23019007777815, 16.659473176603953]",1.2,0.21,without_wheelchair
311,"[83.82068504347839, 115.21652035514444]",1.2,0.21,without_wheelchair
312,"[78.71713994592459, 33.92988750448188]",1.2,0.21,without_wheelchair
313,"[15.452208540697427, 95.73209745461094]",1.2,0.21,without_wheelchair
314,"[15.331408689136145, 106.75005109787519]",1.2,0.21,without_wheelchair
315,"[48.538879081134894, 11.501832550317502]",1.2,0.21,without_wheelchair
316,"[3.6752778455631314, 20.048386248427512]",0.5,0.91,with_wheelchair
317,"[95.23171956527077, 21.6878558794116]",0.5,0.91,with_wheelchair
318,"[20.82445830811027, 123.18463440448237]",1.2,0.21,without_wheelchair
319,"[1.7590752317781306, 72.21431130456315]",1.2,0.21,without_wheelchair
320,"[15.902132511519945, 54.52383331217299]",1.2,0.21,without_wheelchair
321,"[85.98635324866054, 1.1412983811476927]",1.2,0.21,without_wheelchair
322,"[90.65344950147305, 104.52852722710868]",0.5,0.91,with_wheelchair
323,"[68.29121797733099, 71.86775099194887]",1.2,0.21,without_wheelchair
324,"[62.71836738115767, 71.47058689568297]",1.2,0.21,without_wheelchair
325,"[40.33872323867104, 67.96780397965205]",1.2,0.21,without_wheelchair
326,"[54.932468207670055, 29.576572896595106]",1.2,0.21,without_wheelchair
327,"[95.43135066693164, 113.33549200209627]",0.5,0.91,with_wheelchair
328,"[84.34689635099421, 95.76286009287415]",1.2,0.21,without_wheelchair
329,"[48.4341296702726, 65.27559438966786]",1.2,0.21,without_wheelchair
330,"[88.93929768085775, 119.17764870501702]",1.2,0.21,without_wheelchair
331,"[44.43980814585411, 71.11959363742564]",1.2,0.21,without_wheelchair
332,"[85.12884201135539, 76.62224430036498]",1.2,0.21,without_wheelchair
333,"[86.94419923201242, 35.856579748251576]",1.2,0.21,without_wheelchair
334,"[30.003636927062374, 19.579771609027787]",1.2,0.21,without_wheelchair
335,"[56.387248886824786, 12.22331877852398]",1.2,0.21,without_wheelchair
336,"[11.915510377950195, 14.737151814325424]",1.2,0.21,without_wheelchair
337,"[1.6588347191222268, 82.41078469893338]",1.2,0.21,without_wheelchair
338,"[12.933738754111221, 4.858060651988628]",1.2,0.21,without_wheelchair
339,"[88.27414961780885, 98.21973017302453]",1.2,0.21,without_wheelchair
340,"[40.79707710805347, 87.8781724029055]",1.2,0.21,without_wheelchair
341,"[12.252985251905246, 93.08472812978152]",1.2,0.21,without_wheelchair
342,"[79.01643149114439, 1.1813142454146563]",1.2,0.21,without_wheelchair
343,"[81.4881862836797, 81.22224678106058]",1.2,0.21,without_wheelchair
344,"[32.38461439839956, 1.3760588588215665]",1.2,0.21,without_wheelchair
345,"[20.03895708302194, 21.231097192713424]",0.5,0.91,with_wheelchair
346,"[57.04080248844113, 108.62689438767009]",1.2,0.21,without_wheelchair
347,"[39.751453176515874, 84.05122255557329]",1.2,0.21,without_wheelchair
348,"[36.822499785062824, 74.01376890195424]",1.2,0.21,without_wheelchair
349,"[16.449582632082034, 87.96397726743105]",0.5,0.91,with_wheelchair
350,"[83.71875700929107, 15.949983871920685]",1.2,0.21,without_wheelchair
351,"[8.906606535052028, 15.777270659559086]",1.2,0.21,without_wheelchair
352,"[41.84093152733617, 99.18254866555543]",1.2,0.21,without_wheelchair
353,"[74.68843336664536, 107.91279499462732]",1.2,0.21,without_wheelchair
354,"[36.260303817768495, 8.676851058135608]",1.2,0.21,without_wheelchair
355,"[48.51360473138948, 13.778352091284622]",1.2,0.21,without_wheelchair
356,"[6.314838526262072, 72.86219191311471]",1.2,0.21,without_wheelchair
357,"[65.60194393319887, 114.67205698208491]",1.2,0.21,without_wheelchair
358,"[71.61871491863319, 22.079380736617868]",0.5,0.91,with_wheelchair
359,"[97.57660138366886, 92.12903909367193]",0.5,0.91,with_wheelchair
360,"[97.60362121659638, 94.99872713361347]",1.2,0.21,without_wheelchair
361,"[29.252163648163506, 46.772673684917855]",1.2,0.21,without_wheelchair
362,"[97.34176580633692, 98.43430883933699]",1.2,0.21,without_wheelchair
363,"[0.25298577686902685, 22.42446544750079]",1.2,0.21,without_wheelchair
364,"[0.6499912854779445, 2.7021285082146616]",0.5,0.91,with_wheelchair
365,"[66.390994489384, 120.04555723716459]",1.2,0.21,without_wheelchair
366,"[63.92945817027816, 29.954646397332848]",1.2,0.21,without_wheelchair
367,"[89.70628685660898, 44.15395515900439]",0.5,0.91,with_wheelchair
368,"[15.566019382211563, 30.610585127221416]",1.2,0.21,without_wheelchair
369,"[80.95420108200625, 112.86143039882604]",1.2,0.21,without_wheelchair
370,"[34.52595387621943, 74.10999163710106]",0.5,0.91,with_wheelchair
371,"[99.37775827859807, 54.40967368796248]",0.5,0.91,with_wheelchair
372,"[79.91563366465608, 118.83559579095574]",1.2,0.21,without_wheelchair
373,"[87.72421393299797, 81.5431232792767]",1.2,0.21,without_wheelchair
374,"[95.6935021013851, 96.00973180163808]",1.2,0.21,without_wheelchair
375,"[95.79066739176015, 9.552323980926523]",1.2,0.21,without_wheelchair
376,"[40.92663478953538, 29.642430199917246]",0.5,0.91,with_wheelchair
377,"[14.364557433294483, 88.7938602972821]",1.2,0.21,without_wheelchair
378,"[94.03769099273458, 11.561970928591894]",1.2,0.21,without_wheelchair
379,"[33.586729340626675, 87.0603864305168]",1.2,0.21,without_wheelchair
380,"[100.90897575091113, 17.105201309687633]",0.5,0.91,with_wheelchair
381,"[64.75792084440864, 17.774845091260563]",1.2,0.21,without_wheelchair
382,"[48.170891743348584, 88.65370594908157]",0.5,0.91,with_wheelchair
383,"[95.55778142682784, 39.30615426664875]",0.5,0.91,with_wheelchair
384,"[63.819537296389846, 97.67044898900474]",1.2,0.21,without_wheelchair
385,"[53.98601159597393, 6.913039405226091]",1.2,0.21,without_wheelchair
386,"[3.7466731270976146, 50.841519670853465]",1.2,0.21,without_wheelchair
387,"[57.452608937510455, 78.49352644259383]",0.5,0.91,with_wheelchair
388,"[92.79986539368647, 117.54512615175281]",1.2,0.21,without_wheelchair
389,"[59.94969610780908, 99.64241902143213]",1.2,0.21,without_wheelchair
390,"[71.17977498343848, 4.554246380855835]",1.2,0.21,without_wheelchair
391,"[30.521733528456608, 8.06657494343523]",0.5,0.91,with_wheelchair
392,"[69.70929116628282, 107.61720969028208]",1.2,0.21,without_wheelchair
393,"[26.065201242198523, 65.8742794681899]",1.2,0.21,without_wheelchair
394,"[56.231658629545976, 105.26096391368627]",1.2,0.21,without_wheelchair
395,"[36.992189721570035, 81.36391422041484]",1.2,0.21,without_wheelchair
396,"[49.59572747064626, 8.917841384820298]",1.2,0.21,without_wheelchair
397,"[43.13498248382499, 81.288468303479]",1.2,0.21,without_wheelchair
398,"[28.266066294257733, 116.4922868046401]",0.5,0.91,with_wheelchair
399,"[83.16401673306056, 44.178179881987354]",1.2,0.21,without_wheelchair
400,"[18.182851409762232, 91.72474573905775]",1.2,0.21,without_wheelchair
401,"[20.07222975140973, 28.69037070936579]",0.5,0.91,with_wheelchair
402,"[50.84332249495536, 46.303840374070425]",0.5,0.91,with_wheelchair
403,"[98.6219029593023, 120.91357820709254]",1.2,0.21,without_wheelchair
404,"[18.243521579471782, 29.090814307898224]",1.2,0.21,without_wheelchair
405,"[97.34309164822002, 38.247639639854384]",1.2,0.21,without_wheelchair
406,"[7.6298319645480985, 95.47716098852413]",1.2,0.21,without_wheelchair
407,"[64.41639922240817, 29.330555144350953]",1.2,0.21,without_wheelchair
408,"[11.083656455609216, 27.033798441847498]",1.2,0.21,without_wheelchair
409,"[96.4450975557785, 77.76327671939889]",0.5,0.91,with_wheelchair
410,"[63.88426515204696, 50.81825319792291]",1.2,0.21,without_wheelchair
411,"[94.39727734355358, 54.81719609576553]",1.2,0.21,without_wheelchair
412,"[50.0932429720122, 109.54611876923582]",0.5,0.91,with_wheelchair
413,"[49.978947536359016, 45.140527188599364]",1.2,0.21,without_wheelchair
414,"[61.02768699285161, 71.91231158366972]",1.2,0.21,without_wheelchair
415,"[4.637916224515864, 78.873357680537]",1.2,0.21,without_wheelchair
416,"[3.47219541860443, 82.56659221262278]",1.2,0.21,without_wheelchair
417,"[9.779969557115326, 24.01923127135785]",1.2,0.21,without_wheelchair
418,"[27.27267409788379, 36.77838300904588]",0.5,0.91,with_wheelchair
419,"[7.168072839641043, 76.22570850827292]",0.5,0.91,with_wheelchair
420,"[96.71839185624269, 13.521614210515875]",1.2,0.21,without_wheelchair
421,"[4.187554262966994, 11.277420161255796]",0.5,0.91,with_wheelchair
422,"[92.87618773790105, 30.37223470136627]",1.2,0.21,without_wheelchair
423,"[89.58189076728236, 52.70175097112456]",1.2,0.21,without_wheelchair
424,"[75.81598835424715, 45.116860046020875]",1.2,0.21,without_wheelchair
425,"[79.10646792686285, 88.36502470418256]",1.2,0.21,without_wheelchair
426,"[57.23722684016369, 30.46281327883326]",1.2,0.21,without_wheelchair
427,"[31.318708220627073, 39.58547104478153]",0.5,0.91,with_wheelchair
428,"[17.426699008415103, 98.79833243253985]",0.5,0.91,with_wheelchair
429,"[101.09740908689108, 93.67582502808814]",1.2,0.21,without_wheelchair
430,"[47.081935031405465, 12.792135817017508]",1.2,0.21,without_wheelchair
431,"[74.79854842796166, 49.14276904987146]",1.2,0.21,without_wheelchair
432,"[40.91802977746888, 19.13512159789103]",1.2,0.21,without_wheelchair
433,"[52.78456809019435, 97.19032550965542]",1.2,0.21,without_wheelchair
434,"[34.38435188681642, 68.40692375542113]",1.2,0.21,without_wheelchair
435,"[71.51392535380708, 111.57703234691304]",1.2,0.21,without_wheelchair
436,"[21.96666452198104, 54.28842113212657]",0.5,0.91,with_wheelchair
437,"[94.83975098160577, 32.444444962369694]",1.2,0.21,without_wheelchair
438,"[13.840992446946046, 60.09104704852988]",1.2,0.21,without_wheelchair
439,"[0.1809591287983152, 60.46126965167017]",0.5,0.91,with_wheelchair
440,"[11.925016972217675, 3.578616726783327]",0.5,0.91,with_wheelchair
441,"[15.10949395033249, 70.81226173641524]",0.5,0.91,with_wheelchair
442,"[40.75329088205987, 20.318068341239407]",1.2,0.21,without_wheelchair
443,"[97.53807358803682, 46.5163552739257]",1.2,0.21,without_wheelchair
444,"[41.40422829478463, 36.806790730356155]",1.2,0.21,without_wheelchair
445,"[83.51812517371455, 54.33164306403727]",1.2,0.21,without_wheelchair
446,"[15.622496513537104, 68.81626003460534]",0.5,0.91,with_wheelchair
447,"[47.06456101999604, 115.23877367116086]",0.5,0.91,with_wheelchair
448,"[62.947872170332815, 16.598081467325706]",0.5,0.91,with_wheelchair
449,"[94.07001048300408, 88.67097720534142]",0.5,0.91,with_wheelchair
450,"[13.184406255032998, 50.36613693400059]",0.5,0.91,with_wheelchair
451,"[85.5044064718922, 30.460588167451593]",1.2,0.21,without_wheelchair
452,"[15.397463895762385, 109.38912501270435]",1.2,0.21,without_wheelchair
453,"[57.61284457236312, 40.09626659566562]",0.5,0.91,with_wheelchair
454,"[63.126430612249564, 100.18784873289316]",1.2,0.21,without_wheelchair
455,"[59.664316751935225, 103.76362615505344]",1.2,0.21,without_wheelchair
456,"[66.61474413908299, 34.642239283519295]",1.2,0.21,without_wheelchair
457,"[98.82287859936392, 7.414137855894465]",1.2,0.21,without_wheelchair
458,"[85.48998263117349, 3.7715897117646806]",1.2,0.21,without_wheelchair
459,"[38.81250078690994, 78.08180304698509]",0.5,0.91,with_wheelchair
460,"[8.487637780689138, 35.59423313982354]",1.2,0.21,without_wheelchair
461,"[64.61828013135698, 120.70690005898588]",0.5,0.91,with_wheelchair
462,"[74.98652998497062, 9.206321386311918]",1.2,0.21,without_wheelchair
463,"[43.92558870579726, 93.52334412257416]",1.2,0.21,without_wheelchair
464,"[78.18410886846868, 112.41080128135603]",1.2,0.21,without_wheelchair
465,"[60.16474067719719, 52.23196387285616]",0.5,0.91,with_wheelchair
466,"[16.711014298908186, 20.66721541715513]",1.2,0.21,without_wheelchair
467,"[7.257255870965652, 7.692179100013514]",1.2,0.21,without_wheelchair
468,"[53.61399045016908, 54.55799528378658]",0.5,0.91,with_wheelchair
469,"[76.98935623267747, 87.84961435205219]",1.2,0.21,without_wheelchair
470,"[15.543835079713801, 7.64032407204838]",0.5,0.91,with_wheelchair
471,"[52.540215170358955, 111.75683601562291]",1.2,0.21,without_wheelchair
472,"[11.723149303908604, 86.32506090237452]",1.2,0.21,without_wheelchair
473,"[89.71750594785024, 123.0508934515143]",1.2,0.21,without_wheelchair
474,"[51.283865453475414, 53.176879126977276]",0.5,0.91,with_wheelchair
475,"[95.5882727754828, 34.45535153490848]",1.2,0.21,without_wheelchair
476,"[70.69801612092468, 44.5496224433136]",1.2,0.21,without_wheelchair
477,"[97.19454206290544, 76.62084346630179]",1.2,0.21,without_wheelchair
478,"[92.90170673106591, 85.53868371551104]",1.2,0.21,without_wheelchair
479,"[76.93161315536203, 68.1398957378543]",1.2,0.21,without_wheelchair
480,"[15.421841635227933, 76.99659937143993]",1.2,0.21,without_wheelchair
481,"[0.6838635562183629, 33.88652156194913]",1.2,0.21,without_wheelchair
482,"[1.2413981109959122, 101.41489508473627]",1.2,0.21,without_wheelchair
483,"[57.079879758526275, 23.466672561298402]",1.2,0.21,without_wheelchair
484,"[74.37302941011058, 20.02955789599027]",0.5,0.91,with_wheelchair
485,"[13.283660292966728, 61.68523685682375]",1.2,0.21,without_wheelchair
486,"[67.18233320895561, 91.59906536939168]",1.2,0.21,without_wheelchair
487,"[83.52538558582964, 64.39389886379979]",1.2,0.21,without_wheelchair
488,"[78.4702226519818, 34.765675041451]",0.5,0.91,with_wheelchair
489,"[17.754000657570213, 23.487423339794503]",0.5,0.91,with_wheelchair
490,"[94.21817067705452, 65.27683957622959]",0.5,0.91,with_wheelchair
491,"[26.467274323727647, 53.465392981139495]",1.2,0.21,without_wheelchair
492,"[72.814055575191, 8.82431505817954]",0.5,0.91,with_wheelchair
493,"[25.999471709398264, 0.7393108235109757]",1.2,0.21,without_wheelchair
494,"[82.5440278278053, 54.290335618545406]",1.2,0.21,without_wheelchair
495,"[69.94514111011992, 68.55706020523502]",1.2,0.21,without_wheelchair
496,"[3.5782304029711933, 105.79019423415177]",1.2,0.21,without_wheelchair
497,"[40.229544996436715, 87.06381025839691]",0.5,0.91,with_wheelchair
498,"[21.547452910221285, 66.6797333698226]",1.2,0.21,without_wheelchair
499,"[77.55298397758938, 95.5486321222379]",1.2,0.21,without_wheelchair
500,"[21.77260830282808, 107.40530605886917]",1.2,0.21,without_wheelchair
501,"[51.21601765813643, 79.74980860171853]",0.5,0.91,with_wheelchair
502,"[28.5568462830142, 120.61428342006275]",1.2,0.21,without_wheelchair
503,"[48.923252156452506, 18.428817986354435]",1.2,0.21,without_wheelchair
504,"[13.726442773444859, 93.48624403932016]",1.2,0.21,without_wheelchair
505,"[97.50039491933525, 66.55729652711021]",1.2,0.21,without_wheelchair
506,"[91.67489506513184, 48.75067801734186]",1.2,0.21,without_wheelchair
507,"[2.311586605586036, 36.680705932458174]",1.2,0.21,without_wheelchair
508,"[58.59939441153541, 88.80824020388093]",1.2,0.21,without_wheelchair
509,"[39.32644390210317, 87.61800001165983]",1.2,0.21,without_wheelchair
510,"[37.31970138601314, 99.03615094095004]",0.5,0.91,with_wheelchair
511,"[70.46452042667634, 64.46982936141386]",1.2,0.21,without_wheelchair
512,"[33.287915855293, 63.086820486937405]",0.5,0.91,with_wheelchair
513,"[15.582051047584303, 51.699067611985086]",1.2,0.21,without_wheelchair
514,"[10.9991084081276, 112.76159614009792]",1.2,0.21,without_wheelchair
515,"[99.12883634573193, 13.126682996441486]",1.2,0.21,without_wheelchair
516,"[3.4705943436563236, 114.71732847862944]",1.2,0.21,without_wheelchair
517,"[80.49370641207297, 104.07514565255664]",1.2,0.21,without_wheelchair
518,"[99.15999787502219, 97.60646210985841]",1.2,0.21,without_wheelchair
519,"[94.58540444516304, 84.74906890284971]",0.5,0.91,with_wheelchair
520,"[24.487520938872642, 4.497601083963933]",1.2,0.21,without_wheelchair
521,"[30.519205392673978, 52.73852926852047]",1.2,0.21,without_wheelchair
522,"[78.03714966645823, 58.453768957103776]",1.2,0.21,without_wheelchair
523,"[29.505030396482862, 106.64049411995998]",0.5,0.91,with_wheelchair
524,"[40.90125408165468, 36.07574424613815]",1.2,0.21,without_wheelchair
525,"[84.74677580828228, 52.21840572822312]",1.2,0.21,without_wheelchair
526,"[70.59650902710555, 13.467194567395785]",1.2,0.21,without_wheelchair
527,"[15.244690712800146, 63.772624064680876]",0.5,0.91,with_wheelchair
528,"[84.5985626445832, 48.57435340720289]",1.2,0.21,without_wheelchair
529,"[25.43033099091076, 41.83287914912778]",1.2,0.21,without_wheelchair
530,"[40.46175126319914, 85.80108559632299]",1.2,0.21,without_wheelchair
531,"[31.159429226689525, 83.1208145062424]",1.2,0.21,without_wheelchair
532,"[70.62005138568847, 4.230229024385082]",1.2,0.21,without_wheelchair
533,"[20.140951621690828, 83.54100120180712]",1.2,0.21,without_wheelchair
534,"[77.936742621727, 56.5591216609202]",1.2,0.21,without_wheelchair
535,"[56.064891251401825, 25.77001799401433]",0.5,0.91,with_wheelchair
536,"[23.68202691255607, 17.579169830983272]",1.2,0.21,without_wheelchair
537,"[26.037268407119416, 105.84450634420821]",1.2,0.21,without_wheelchair
538,"[13.868877005069363, 59.070802502847236]",0.5,0.91,with_wheelchair
539,"[75.1936257857108, 78.28666868181381]",1.2,0.21,without_wheelchair
540,"[50.30823376886137, 34.64825401766634]",0.5,0.91,with_wheelchair
541,"[97.26162527666303, 51.99797730381845]",1.2,0.21,without_wheelchair
542,"[8.443934249921321, 6.304333214591198]",1.2,0.21,without_wheelchair
543,"[38.27154207898485, 101.76140940833271]",0.5,0.91,with_wheelchair
544,"[73.43669989671511, 51.49940060924094]",1.2,0.21,without_wheelchair
545,"[70.56928623397687, 77.11311126490018]",0.5,0.91,with_wheelchair
546,"[56.779645115524474, 51.23648388169145]",1.2,0.21,without_wheelchair
547,"[67.53145442263117, 14.047299803042653]",0.5,0.91,with_wheelchair
548,"[100.00076500779133, 40.41767782153939]",0.5,0.91,with_wheelchair
549,"[90.79395423027981, 122.5533041798999]",1.2,0.21,without_wheelchair
550,"[90.61752206783018, 15.100247626734449]",0.5,0.91,with_wheelchair
551,"[86.60608447147877, 56.59964943194814]",1.2,0.21,without_wheelchair
552,"[97.12165353199374, 77.72595070017351]",1.2,0.21,without_wheelchair
553,"[92.52991347497542, 86.74414524582322]",1.2,0.21,without_wheelchair
554,"[19.49157556583894, 45.27516681847329]",1.2,0.21,without_wheelchair
555,"[53.465507855895616, 32.51209347777879]",1.2,0.21,without_wheelchair
556,"[22.125851655634172, 56.18571440381273]",1.2,0.21,without_wheelchair
557,"[69.82799840098258, 63.40841085205467]",0.5,0.91,with_wheelchair
558,"[61.97380957517327, 62.40734119456838]",1.2,0.21,without_wheelchair
559,"[2.6392690088524073, 50.14627599868558]",1.2,0.21,without_wheelchair
560,"[18.597438064937982, 60.0462617767151]",1.2,0.21,without_wheelchair
561,"[58.649557175287725, 109.65763033021634]",0.5,0.91,with_wheelchair
562,"[73.27349739130753, 48.31561234443313]",1.2,0.21,without_wheelchair
563,"[70.47067942637526, 79.14127813399594]",1.2,0.21,without_wheelchair
564,"[45.929757021962594, 26.957327922646073]",1.2,0.21,without_wheelchair
565,"[86.52772973356343, 10.50398862100748]",1.2,0.21,without_wheelchair
566,"[56.042130578624885, 111.6278221607685]",1.2,0.21,without_wheelchair
567,"[70.17637785617414, 100.22006020507328]",1.2,0.21,without_wheelchair
568,"[60.42079980185297, 30.609064789540284]",1.2,0.21,without_wheelchair
569,"[75.23304632657056, 10.482893907562483]",0.5,0.91,with_wheelchair
570,"[65.96938342915512, 90.96674963679368]",0.5,0.91,with_wheelchair
571,"[98.95781209501331, 0.41679851533895007]",1.2,0.21,without_wheelchair
572,"[97.66062550360364, 39.32429296141193]",1.2,0.21,without_wheelchair
573,"[53.18741624784035, 94.55276360923698]",1.2,0.21,without_wheelchair
574,"[24.641819098299685, 57.56463222781945]",1.2,0.21,without_wheelchair
575,"[33.95209371041388, 23.01886813317486]",1.2,0.21,without_wheelchair
576,"[72.35502229355413, 9.543209586264771]",0.5,0.91,with_wheelchair
577,"[61.701017395642516, 111.7756290917848]",0.5,0.91,with_wheelchair
578,"[5.362010470931691, 7.192934739202021]",1.2,0.21,without_wheelchair
579,"[7.467978802860813, 86.65545445238945]",1.2,0.21,without_wheelchair
580,"[41.65241055282995, 0.728703728299462]",1.2,0.21,without_wheelchair
581,"[51.38368382667183, 25.874570255077163]",1.2,0.21,without_wheelchair
582,"[18.372355910090896, 24.61345970027999]",1.2,0.21,without_wheelchair
583,"[9.257347614202217, 118.90728630927745]",1.2,0.21,without_wheelchair
584,"[94.45890695287477, 42.7295294223797]",1.2,0.21,without_wheelchair
585,"[68.14011993048, 47.4453759664775]",1.2,0.21,without_wheelchair
586,"[68.58598772433461, 37.34595512448386]",1.2,0.21,without_wheelchair
587,"[5.0805184655425535, 91.13259793559853]",0.5,0.91,with_wheelchair
588,"[97.30758896412884, 114.50812629728127]",1.2,0.21,without_wheelchair
589,"[48.7947352453134, 41.19535407676784]",0.5,0.91,with_wheelchair
590,"[97.95099955110516, 111.99374410334723]",0.5,0.91,with_wheelchair
591,"[80.62695076632913, 81.37555406203302]",1.2,0.21,without_wheelchair
592,"[33.68967480015552, 118.63742917555716]",1.2,0.21,without_wheelchair
593,"[17.16567468954555, 72.25732944978631]",1.2,0.21,without_wheelchair
594,"[67.37636125061049, 55.9882116082495]",1.2,0.21,without_wheelchair
595,"[23.748798152420065, 15.266219953626528]",1.2,0.21,without_wheelchair
596,"[83.64921463731591, 109.69208372066028]",1.2,0.21,without_wheelchair
597,"[31.55659547424181, 57.233143880270205]",0.5,0.91,with_wheelchair
598,"[42.63742272562641, 91.43387283266028]",1.2,0.21,without_wheelchair
599,"[33.10924465531467, 115.46122406550981]",1.2,0.21,without_wheelchair
600,"[3.8097403950352016, 122.8717868919104]",1.2,0.21,without_wheelchair
601,"[25.304266613035573, 19.577883566701445]",1.2,0.21,without_wheelchair
602,"[13.933820568153003, 110.43669318966408]",1.2,0.21,without_wheelchair
603,"[19.33893173330283, 56.01615705324725]",0.5,0.91,with_wheelchair
604,"[17.685847817236674, 92.27640374184404]",1.2,0.21,without_wheelchair
605,"[73.22409179379883, 11.681334461356833]",1.2,0.21,without_wheelchair
606,"[50.67875177723095, 35.26072888302086]",1.2,0.21,without_wheelchair
607,"[97.49596259608163, 33.47683450300139]",1.2,0.21,without_wheelchair
608,"[65.64174148701134, 9.003669585738807]",1.2,0.21,without_wheelchair
609,"[90.2413910742629, 53.13028546427935]",1.2,0.21,without_wheelchair
610,"[50.655523367197254, 50.99063438001075]",0.5,0.91,with_wheelchair
611,"[26.1865816970061, 76.39192100891023]",1.2,0.21,without_wheelchair
612,"[34.86036630553715, 97.1656360384482]",1.2,0.21,without_wheelchair
613,"[81.41357034762179, 89.50690214638436]",0.5,0.91,with_wheelchair
614,"[71.35193097468378, 80.65598976904911]",1.2,0.21,without_wheelchair
615,"[87.83242452374053, 33.97837510249759]",1.2,0.21,without_wheelchair
616,"[86.44983366545144, 39.008194432074696]",1.2,0.21,without_wheelchair
617,"[48.11627224572937, 122.71149063848202]",1.2,0.21,without_wheelchair
618,"[4.9820044173779685, 51.8652550340799]",1.2,0.21,without_wheelchair
619,"[56.19278930934988, 110.48062428744167]",1.2,0.21,without_wheelchair
620,"[68.560091161632, 28.1912877510269]",0.5,0.91,with_wheelchair
