grid_id,neighbor_ids,distances
0,"[9, 18]","[6.928203230275509, 6.928203230275509]"
1,"[9, 10, 19]","[6.928203230275509, 6.928203230275509, 6.928203230275509]"
2,"[10, 11, 20]","[6.928203230275509, 6.928203230275509, 6.928203230275509]"
3,"[11, 12, 21]","[6.928203230275509, 6.928203230275509, 6.928203230275509]"
4,"[12, 13, 22]","[6.928203230275509, 6.928203230275509, 6.928203230275509]"
5,"[13, 14, 23]","[6.928203230275509, 6.928203230275509, 6.928203230275509]"
6,"[14, 15, 24]","[6.928203230275509, 6.928203230275509, 6.928203230275509]"
7,"[15, 16, 25]","[6.928203230275509, 6.928203230275509, 6.928203230275509]"
8,"[16, 17, 26]","[6.928203230275509, 6.928203230275509, 6.928203230275509]"
9,"[0, 1, 18, 19, 27]","[6.928203230275509, 6.928203230275509, 6.928203230275509, 6.928203230275509, 6.92820323027551]"
10,"[1, 2, 19, 20, 28]","[6.928203230275509, 6.928203230275509, 6.928203230275509, 6.928203230275509, 6.92820323027551]"
11,"[2, 3, 20, 21, 29]","[6.928203230275509, 6.928203230275509, 6.928203230275509, 6.928203230275509, 6.92820323027551]"
12,"[3, 4, 21, 22, 30]","[6.928203230275509, 6.928203230275509, 6.928203230275509, 6.928203230275509, 6.92820323027551]"
13,"[4, 5, 22, 23, 31]","[6.928203230275509, 6.928203230275509, 6.928203230275509, 6.928203230275509, 6.92820323027551]"
14,"[5, 6, 23, 24, 32]","[6.928203230275509, 6.928203230275509, 6.928203230275509, 6.928203230275509, 6.92820323027551]"
15,"[6, 7, 24, 25, 33]","[6.928203230275509, 6.928203230275509, 6.928203230275509, 6.928203230275509, 6.92820323027551]"
16,"[7, 8, 25, 26, 34]","[6.928203230275509, 6.928203230275509, 6.928203230275509, 6.928203230275509, 6.92820323027551]"
17,"[8, 26, 35]","[6.928203230275509, 6.928203230275509, 6.92820323027551]"
18,"[0, 9, 27, 36]","[6.928203230275509, 6.928203230275509, 6.92820323027551, 6.928203230275509]"
19,"[1, 9, 10, 27, 28, 37]","[6.928203230275509, 6.928203230275509, 6.928203230275509, 6.92820323027551, 6.92820323027551, 6.928203230275509]"
20,"[2, 10, 11, 28, 29, 38]","[6.928203230275509, 6.928203230275509, 6.928203230275509, 6.92820323027551, 6.92820323027551, 6.928203230275509]"
21,"[3, 11, 12, 29, 30, 39]","[6.928203230275509, 6.928203230275509, 6.928203230275509, 6.92820323027551, 6.92820323027551, 6.928203230275509]"
22,"[4, 12, 13, 30, 31, 40]","[6.928203230275509, 6.928203230275509, 6.928203230275509, 6.92820323027551, 6.92820323027551, 6.928203230275509]"
23,"[5, 13, 14, 31, 32, 41]","[6.928203230275509, 6.928203230275509, 6.928203230275509, 6.92820323027551, 6.92820323027551, 6.928203230275509]"
24,"[6, 14, 15, 32, 33, 42]","[6.928203230275509, 6.928203230275509, 6.928203230275509, 6.92820323027551, 6.92820323027551, 6.928203230275509]"
25,"[7, 15, 16, 33, 34, 43]","[6.928203230275509, 6.928203230275509, 6.928203230275509, 6.92820323027551, 6.92820323027551, 6.928203230275509]"
26,"[8, 16, 17, 34, 35, 44]","[6.928203230275509, 6.928203230275509, 6.928203230275509, 6.92820323027551, 6.92820323027551, 6.928203230275509]"
27,"[9, 18, 19, 36, 37, 45]","[6.92820323027551, 6.92820323027551, 6.92820323027551, 6.928203230275509, 6.928203230275509, 6.928203230275507]"
28,"[10, 19, 20, 37, 38, 46]","[6.92820323027551, 6.92820323027551, 6.92820323027551, 6.928203230275509, 6.928203230275509, 6.928203230275507]"
29,"[11, 20, 21, 38, 39, 47]","[6.92820323027551, 6.92820323027551, 6.92820323027551, 6.928203230275509, 6.928203230275509, 6.928203230275507]"
30,"[12, 21, 22, 39, 40, 48]","[6.92820323027551, 6.92820323027551, 6.92820323027551, 6.928203230275509, 6.928203230275509, 6.928203230275507]"
31,"[13, 22, 23, 40, 41, 49]","[6.92820323027551, 6.92820323027551, 6.92820323027551, 6.928203230275509, 6.928203230275509, 6.928203230275507]"
32,"[14, 23, 24, 41, 42, 50]","[6.92820323027551, 6.92820323027551, 6.92820323027551, 6.928203230275509, 6.928203230275509, 6.928203230275507]"
33,"[15, 24, 25, 42, 43, 51]","[6.92820323027551, 6.92820323027551, 6.92820323027551, 6.928203230275509, 6.928203230275509, 6.928203230275507]"
34,"[16, 25, 26, 43, 44, 52]","[6.92820323027551, 6.92820323027551, 6.92820323027551, 6.928203230275509, 6.928203230275509, 6.928203230275507]"
35,"[17, 26, 44, 53]","[6.92820323027551, 6.92820323027551, 6.928203230275509, 6.928203230275507]"
36,"[18, 27, 45, 54]","[6.928203230275509, 6.928203230275509, 6.928203230275509, 6.9282032302755105]"
37,"[19, 27, 28, 45, 46, 55]","[6.928203230275509, 6.928203230275509, 6.928203230275509, 6.928203230275509, 6.928203230275509, 6.9282032302755105]"
38,"[20, 28, 29, 46, 47, 56]","[6.928203230275509, 6.928203230275509, 6.928203230275509, 6.928203230275509, 6.928203230275509, 6.9282032302755105]"
39,"[21, 29, 30, 47, 48, 57]","[6.928203230275509, 6.928203230275509, 6.928203230275509, 6.928203230275509, 6.928203230275509, 6.9282032302755105]"
40,"[22, 30, 31, 48, 49, 58]","[6.928203230275509, 6.928203230275509, 6.928203230275509, 6.928203230275509, 6.928203230275509, 6.9282032302755105]"
41,"[23, 31, 32, 49, 50, 59]","[6.928203230275509, 6.928203230275509, 6.928203230275509, 6.928203230275509, 6.928203230275509, 6.9282032302755105]"
42,"[24, 32, 33, 50, 51, 60]","[6.928203230275509, 6.928203230275509, 6.928203230275509, 6.928203230275509, 6.928203230275509, 6.9282032302755105]"
43,"[25, 33, 34, 51, 52, 61]","[6.928203230275509, 6.928203230275509, 6.928203230275509, 6.928203230275509, 6.928203230275509, 6.9282032302755105]"
44,"[26, 34, 35, 52, 53, 62]","[6.928203230275509, 6.928203230275509, 6.928203230275509, 6.928203230275509, 6.928203230275509, 6.9282032302755105]"
45,"[27, 36, 37, 54, 55, 63]","[6.928203230275507, 6.928203230275509, 6.928203230275509, 6.9282032302755105, 6.9282032302755105, 6.9282032302755105]"
46,"[28, 37, 38, 55, 56, 64]","[6.928203230275507, 6.928203230275509, 6.928203230275509, 6.9282032302755105, 6.9282032302755105, 6.9282032302755105]"
47,"[29, 38, 39, 56, 57, 65]","[6.928203230275507, 6.928203230275509, 6.928203230275509, 6.9282032302755105, 6.9282032302755105, 6.9282032302755105]"
48,"[30, 39, 40, 57, 58, 66]","[6.928203230275507, 6.928203230275509, 6.928203230275509, 6.9282032302755105, 6.9282032302755105, 6.9282032302755105]"
49,"[31, 40, 41, 58, 59, 67]","[6.928203230275507, 6.928203230275509, 6.928203230275509, 6.9282032302755105, 6.9282032302755105, 6.9282032302755105]"
50,"[32, 41, 42, 59, 60, 68]","[6.928203230275507, 6.928203230275509, 6.928203230275509, 6.9282032302755105, 6.9282032302755105, 6.9282032302755105]"
51,"[33, 42, 43, 60, 61, 69]","[6.928203230275507, 6.928203230275509, 6.928203230275509, 6.9282032302755105, 6.9282032302755105, 6.9282032302755105]"
52,"[34, 43, 44, 61, 62, 70]","[6.928203230275507, 6.928203230275509, 6.928203230275509, 6.9282032302755105, 6.9282032302755105, 6.9282032302755105]"
53,"[35, 44, 62, 71]","[6.928203230275507, 6.928203230275509, 6.9282032302755105, 6.9282032302755105]"
54,"[36, 45, 63, 72]","[6.9282032302755105, 6.9282032302755105, 6.928203230275509, 6.928203230275507]"
55,"[37, 45, 46, 63, 64, 73]","[6.9282032302755105, 6.9282032302755105, 6.9282032302755105, 6.928203230275509, 6.928203230275509, 6.928203230275507]"
56,"[38, 46, 47, 64, 65, 74]","[6.9282032302755105, 6.9282032302755105, 6.9282032302755105, 6.928203230275509, 6.928203230275509, 6.928203230275507]"
57,"[39, 47, 48, 65, 66, 75]","[6.9282032302755105, 6.9282032302755105, 6.9282032302755105, 6.928203230275509, 6.928203230275509, 6.928203230275507]"
58,"[40, 48, 49, 66, 67, 76]","[6.9282032302755105, 6.9282032302755105, 6.9282032302755105, 6.928203230275509, 6.928203230275509, 6.928203230275507]"
59,"[41, 49, 50, 67, 68, 77]","[6.9282032302755105, 6.9282032302755105, 6.9282032302755105, 6.928203230275509, 6.928203230275509, 6.928203230275507]"
60,"[42, 50, 51, 68, 69, 78]","[6.9282032302755105, 6.9282032302755105, 6.9282032302755105, 6.928203230275509, 6.928203230275509, 6.928203230275507]"
61,"[43, 51, 52, 69, 70, 79]","[6.9282032302755105, 6.9282032302755105, 6.9282032302755105, 6.928203230275509, 6.928203230275509, 6.928203230275507]"
62,"[44, 52, 53, 70, 71, 80]","[6.9282032302755105, 6.9282032302755105, 6.9282032302755105, 6.928203230275509, 6.928203230275509, 6.928203230275507]"
63,"[45, 54, 55, 72, 73, 81]","[6.9282032302755105, 6.928203230275509, 6.928203230275509, 6.928203230275509, 6.928203230275509, 6.928203230275507]"
64,"[46, 55, 56, 73, 74, 82]","[6.9282032302755105, 6.928203230275509, 6.928203230275509, 6.928203230275509, 6.928203230275509, 6.928203230275507]"
65,"[47, 56, 57, 74, 75, 83]","[6.9282032302755105, 6.928203230275509, 6.928203230275509, 6.928203230275509, 6.928203230275509, 6.928203230275507]"
66,"[48, 57, 58, 75, 76, 84]","[6.9282032302755105, 6.928203230275509, 6.928203230275509, 6.928203230275509, 6.928203230275509, 6.928203230275507]"
67,"[49, 58, 59, 76, 77, 85]","[6.9282032302755105, 6.928203230275509, 6.928203230275509, 6.928203230275509, 6.928203230275509, 6.928203230275507]"
68,"[50, 59, 60, 77, 78, 86]","[6.9282032302755105, 6.928203230275509, 6.928203230275509, 6.928203230275509, 6.928203230275509, 6.928203230275507]"
69,"[51, 60, 61, 78, 79, 87]","[6.9282032302755105, 6.928203230275509, 6.928203230275509, 6.928203230275509, 6.928203230275509, 6.928203230275507]"
70,"[52, 61, 62, 79, 80, 88]","[6.9282032302755105, 6.928203230275509, 6.928203230275509, 6.928203230275509, 6.928203230275509, 6.928203230275507]"
71,"[53, 62, 80, 89]","[6.9282032302755105, 6.928203230275509, 6.928203230275509, 6.928203230275507]"
72,"[54, 63, 81, 90]","[6.928203230275507, 6.928203230275509, 6.928203230275509, 6.928203230275507]"
73,"[55, 63, 64, 81, 82, 91]","[6.928203230275507, 6.928203230275509, 6.928203230275509, 6.928203230275509, 6.928203230275509, 6.928203230275507]"
74,"[56, 64, 65, 82, 83, 92]","[6.928203230275507, 6.928203230275509, 6.928203230275509, 6.928203230275509, 6.928203230275509, 6.928203230275507]"
75,"[57, 65, 66, 83, 84, 93]","[6.928203230275507, 6.928203230275509, 6.928203230275509, 6.928203230275509, 6.928203230275509, 6.928203230275507]"
76,"[58, 66, 67, 84, 85, 94]","[6.928203230275507, 6.928203230275509, 6.928203230275509, 6.928203230275509, 6.928203230275509, 6.928203230275507]"
77,"[59, 67, 68, 85, 86, 95]","[6.928203230275507, 6.928203230275509, 6.928203230275509, 6.928203230275509, 6.928203230275509, 6.928203230275507]"
78,"[60, 68, 69, 86, 87, 96]","[6.928203230275507, 6.928203230275509, 6.928203230275509, 6.928203230275509, 6.928203230275509, 6.928203230275507]"
79,"[61, 69, 70, 87, 88, 97]","[6.928203230275507, 6.928203230275509, 6.928203230275509, 6.928203230275509, 6.928203230275509, 6.928203230275507]"
80,"[62, 70, 71, 88, 89, 98]","[6.928203230275507, 6.928203230275509, 6.928203230275509, 6.928203230275509, 6.928203230275509, 6.928203230275507]"
81,"[63, 72, 73, 90, 91, 99]","[6.928203230275507, 6.928203230275509, 6.928203230275509, 6.928203230275509, 6.928203230275509, 6.9282032302755105]"
82,"[64, 73, 74, 91, 92, 100]","[6.928203230275507, 6.928203230275509, 6.928203230275509, 6.928203230275509, 6.928203230275509, 6.9282032302755105]"
83,"[65, 74, 75, 92, 93, 101]","[6.928203230275507, 6.928203230275509, 6.928203230275509, 6.928203230275509, 6.928203230275509, 6.9282032302755105]"
84,"[66, 75, 76, 93, 94, 102]","[6.928203230275507, 6.928203230275509, 6.928203230275509, 6.928203230275509, 6.928203230275509, 6.9282032302755105]"
85,"[67, 76, 77, 94, 95, 103]","[6.928203230275507, 6.928203230275509, 6.928203230275509, 6.928203230275509, 6.928203230275509, 6.9282032302755105]"
86,"[68, 77, 78, 95, 96, 104]","[6.928203230275507, 6.928203230275509, 6.928203230275509, 6.928203230275509, 6.928203230275509, 6.9282032302755105]"
87,"[69, 78, 79, 96, 97, 105]","[6.928203230275507, 6.928203230275509, 6.928203230275509, 6.928203230275509, 6.928203230275509, 6.9282032302755105]"
88,"[70, 79, 80, 97, 98, 106]","[6.928203230275507, 6.928203230275509, 6.928203230275509, 6.928203230275509, 6.928203230275509, 6.9282032302755105]"
89,"[71, 80, 98, 107]","[6.928203230275507, 6.928203230275509, 6.928203230275509, 6.9282032302755105]"
90,"[72, 81, 99, 108]","[6.928203230275507, 6.928203230275509, 6.9282032302755105, 6.928203230275514]"
91,"[73, 81, 82, 99, 100, 109]","[6.928203230275507, 6.928203230275509, 6.928203230275509, 6.9282032302755105, 6.9282032302755105, 6.928203230275514]"
92,"[74, 82, 83, 100, 101, 110]","[6.928203230275507, 6.928203230275509, 6.928203230275509, 6.9282032302755105, 6.9282032302755105, 6.928203230275514]"
93,"[75, 83, 84, 101, 102, 111]","[6.928203230275507, 6.928203230275509, 6.928203230275509, 6.9282032302755105, 6.9282032302755105, 6.928203230275514]"
94,"[76, 84, 85, 102, 103, 112]","[6.928203230275507, 6.928203230275509, 6.928203230275509, 6.9282032302755105, 6.9282032302755105, 6.928203230275514]"
95,"[77, 85, 86, 103, 104, 113]","[6.928203230275507, 6.928203230275509, 6.928203230275509, 6.9282032302755105, 6.9282032302755105, 6.928203230275514]"
96,"[78, 86, 87, 104, 105, 114]","[6.928203230275507, 6.928203230275509, 6.928203230275509, 6.9282032302755105, 6.9282032302755105, 6.928203230275514]"
97,"[79, 87, 88, 105, 106, 115]","[6.928203230275507, 6.928203230275509, 6.928203230275509, 6.9282032302755105, 6.9282032302755105, 6.928203230275514]"
98,"[80, 88, 89, 106, 107, 116]","[6.928203230275507, 6.928203230275509, 6.928203230275509, 6.9282032302755105, 6.9282032302755105, 6.928203230275514]"
99,"[81, 90, 91, 108, 109, 117]","[6.9282032302755105, 6.9282032302755105, 6.9282032302755105, 6.9282032302755105, 6.9282032302755105, 6.928203230275514]"
100,"[82, 91, 92, 109, 110, 118]","[6.9282032302755105, 6.9282032302755105, 6.9282032302755105, 6.9282032302755105, 6.9282032302755105, 6.928203230275514]"
101,"[83, 92, 93, 110, 111, 119]","[6.9282032302755105, 6.9282032302755105, 6.9282032302755105, 6.9282032302755105, 6.9282032302755105, 6.928203230275514]"
102,"[84, 93, 94, 111, 112, 120]","[6.9282032302755105, 6.9282032302755105, 6.9282032302755105, 6.9282032302755105, 6.9282032302755105, 6.928203230275514]"
103,"[85, 94, 95, 112, 113, 121]","[6.9282032302755105, 6.9282032302755105, 6.9282032302755105, 6.9282032302755105, 6.9282032302755105, 6.928203230275514]"
104,"[86, 95, 96, 113, 114, 122]","[6.9282032302755105, 6.9282032302755105, 6.9282032302755105, 6.9282032302755105, 6.9282032302755105, 6.928203230275514]"
105,"[87, 96, 97, 114, 115, 123]","[6.9282032302755105, 6.9282032302755105, 6.9282032302755105, 6.9282032302755105, 6.9282032302755105, 6.928203230275514]"
106,"[88, 97, 98, 115, 116, 124]","[6.9282032302755105, 6.9282032302755105, 6.9282032302755105, 6.9282032302755105, 6.9282032302755105, 6.928203230275514]"
107,"[89, 98, 116, 125]","[6.9282032302755105, 6.9282032302755105, 6.9282032302755105, 6.928203230275514]"
108,"[90, 99, 117, 126]","[6.928203230275514, 6.9282032302755105, 6.9282032302755105, 6.928203230275507]"
109,"[91, 99, 100, 117, 118, 127]","[6.928203230275514, 6.9282032302755105, 6.9282032302755105, 6.9282032302755105, 6.9282032302755105, 6.928203230275507]"
110,"[92, 100, 101, 118, 119, 128]","[6.928203230275514, 6.9282032302755105, 6.9282032302755105, 6.9282032302755105, 6.9282032302755105, 6.928203230275507]"
111,"[93, 101, 102, 119, 120, 129]","[6.928203230275514, 6.9282032302755105, 6.9282032302755105, 6.9282032302755105, 6.9282032302755105, 6.928203230275507]"
112,"[94, 102, 103, 120, 121, 130]","[6.928203230275514, 6.9282032302755105, 6.9282032302755105, 6.9282032302755105, 6.9282032302755105, 6.928203230275507]"
113,"[95, 103, 104, 121, 122, 131]","[6.928203230275514, 6.9282032302755105, 6.9282032302755105, 6.9282032302755105, 6.9282032302755105, 6.928203230275507]"
114,"[96, 104, 105, 122, 123, 132]","[6.928203230275514, 6.9282032302755105, 6.9282032302755105, 6.9282032302755105, 6.9282032302755105, 6.928203230275507]"
115,"[97, 105, 106, 123, 124, 133]","[6.928203230275514, 6.9282032302755105, 6.9282032302755105, 6.9282032302755105, 6.9282032302755105, 6.928203230275507]"
116,"[98, 106, 107, 124, 125, 134]","[6.928203230275514, 6.9282032302755105, 6.9282032302755105, 6.9282032302755105, 6.9282032302755105, 6.928203230275507]"
117,"[99, 108, 109, 126, 127, 135]","[6.928203230275514, 6.9282032302755105, 6.9282032302755105, 6.928203230275507, 6.928203230275507, 6.928203230275507]"
118,"[100, 109, 110, 127, 128, 136]","[6.928203230275514, 6.9282032302755105, 6.9282032302755105, 6.928203230275507, 6.928203230275507, 6.928203230275507]"
119,"[101, 110, 111, 128, 129, 137]","[6.928203230275514, 6.9282032302755105, 6.9282032302755105, 6.928203230275507, 6.928203230275507, 6.928203230275507]"
120,"[102, 111, 112, 129, 130, 138]","[6.928203230275514, 6.9282032302755105, 6.9282032302755105, 6.928203230275507, 6.928203230275507, 6.928203230275507]"
121,"[103, 112, 113, 130, 131, 139]","[6.928203230275514, 6.9282032302755105, 6.9282032302755105, 6.928203230275507, 6.928203230275507, 6.928203230275507]"
122,"[104, 113, 114, 131, 132, 140]","[6.928203230275514, 6.9282032302755105, 6.9282032302755105, 6.928203230275507, 6.928203230275507, 6.928203230275507]"
123,"[105, 114, 115, 132, 133, 141]","[6.928203230275514, 6.9282032302755105, 6.9282032302755105, 6.928203230275507, 6.928203230275507, 6.928203230275507]"
124,"[106, 115, 116, 133, 134, 142]","[6.928203230275514, 6.9282032302755105, 6.9282032302755105, 6.928203230275507, 6.928203230275507, 6.928203230275507]"
125,"[107, 116, 134, 143]","[6.928203230275514, 6.9282032302755105, 6.928203230275507, 6.928203230275507]"
126,"[108, 117, 135, 144]","[6.928203230275507, 6.928203230275507, 6.9282032302755105, 6.928203230275507]"
127,"[109, 117, 118, 135, 136, 145]","[6.928203230275507, 6.928203230275507, 6.928203230275507, 6.9282032302755105, 6.9282032302755105, 6.928203230275507]"
128,"[110, 118, 119, 136, 137, 146]","[6.928203230275507, 6.928203230275507, 6.928203230275507, 6.9282032302755105, 6.9282032302755105, 6.928203230275507]"
129,"[111, 119, 120, 137, 138, 147]","[6.928203230275507, 6.928203230275507, 6.928203230275507, 6.9282032302755105, 6.9282032302755105, 6.928203230275507]"
130,"[112, 120, 121, 138, 139, 148]","[6.928203230275507, 6.928203230275507, 6.928203230275507, 6.9282032302755105, 6.9282032302755105, 6.928203230275507]"
131,"[113, 121, 122, 139, 140, 149]","[6.928203230275507, 6.928203230275507, 6.928203230275507, 6.9282032302755105, 6.9282032302755105, 6.928203230275507]"
132,"[114, 122, 123, 140, 141, 150]","[6.928203230275507, 6.928203230275507, 6.928203230275507, 6.9282032302755105, 6.9282032302755105, 6.928203230275507]"
133,"[115, 123, 124, 141, 142, 151]","[6.928203230275507, 6.928203230275507, 6.928203230275507, 6.9282032302755105, 6.9282032302755105, 6.928203230275507]"
134,"[116, 124, 125, 142, 143, 152]","[6.928203230275507, 6.928203230275507, 6.928203230275507, 6.9282032302755105, 6.9282032302755105, 6.928203230275507]"
135,"[117, 126, 127, 144, 145, 153]","[6.928203230275507, 6.9282032302755105, 6.9282032302755105, 6.928203230275507, 6.928203230275507, 6.928203230275507]"
136,"[118, 127, 128, 145, 146, 154]","[6.928203230275507, 6.9282032302755105, 6.9282032302755105, 6.928203230275507, 6.928203230275507, 6.928203230275507]"
137,"[119, 128, 129, 146, 147, 155]","[6.928203230275507, 6.9282032302755105, 6.9282032302755105, 6.928203230275507, 6.928203230275507, 6.928203230275507]"
138,"[120, 129, 130, 147, 148, 156]","[6.928203230275507, 6.9282032302755105, 6.9282032302755105, 6.928203230275507, 6.928203230275507, 6.928203230275507]"
139,"[121, 130, 131, 148, 149, 157]","[6.928203230275507, 6.9282032302755105, 6.9282032302755105, 6.928203230275507, 6.928203230275507, 6.928203230275507]"
140,"[122, 131, 132, 149, 150, 158]","[6.928203230275507, 6.9282032302755105, 6.9282032302755105, 6.928203230275507, 6.928203230275507, 6.928203230275507]"
141,"[123, 132, 133, 150, 151, 159]","[6.928203230275507, 6.9282032302755105, 6.9282032302755105, 6.928203230275507, 6.928203230275507, 6.928203230275507]"
142,"[124, 133, 134, 151, 152, 160]","[6.928203230275507, 6.9282032302755105, 6.9282032302755105, 6.928203230275507, 6.928203230275507, 6.928203230275507]"
143,"[125, 134, 152, 161]","[6.928203230275507, 6.9282032302755105, 6.928203230275507, 6.928203230275507]"
144,"[126, 135, 153, 162]","[6.928203230275507, 6.928203230275507, 6.9282032302755105, 6.928203230275507]"
145,"[127, 135, 136, 153, 154, 163]","[6.928203230275507, 6.928203230275507, 6.928203230275507, 6.9282032302755105, 6.9282032302755105, 6.928203230275507]"
146,"[128, 136, 137, 154, 155, 164]","[6.928203230275507, 6.928203230275507, 6.928203230275507, 6.9282032302755105, 6.9282032302755105, 6.928203230275507]"
147,"[129, 137, 138, 155, 156, 165]","[6.928203230275507, 6.928203230275507, 6.928203230275507, 6.9282032302755105, 6.9282032302755105, 6.928203230275507]"
148,"[130, 138, 139, 156, 157, 166]","[6.928203230275507, 6.928203230275507, 6.928203230275507, 6.9282032302755105, 6.9282032302755105, 6.928203230275507]"
149,"[131, 139, 140, 157, 158, 167]","[6.928203230275507, 6.928203230275507, 6.928203230275507, 6.9282032302755105, 6.9282032302755105, 6.928203230275507]"
150,"[132, 140, 141, 158, 159, 168]","[6.928203230275507, 6.928203230275507, 6.928203230275507, 6.9282032302755105, 6.9282032302755105, 6.928203230275507]"
151,"[133, 141, 142, 159, 160, 169]","[6.928203230275507, 6.928203230275507, 6.928203230275507, 6.9282032302755105, 6.9282032302755105, 6.928203230275507]"
152,"[134, 142, 143, 160, 161, 170]","[6.928203230275507, 6.928203230275507, 6.928203230275507, 6.9282032302755105, 6.9282032302755105, 6.928203230275507]"
153,"[135, 144, 145, 162, 163, 171]","[6.928203230275507, 6.9282032302755105, 6.9282032302755105, 6.928203230275507, 6.928203230275507, 6.928203230275507]"
154,"[136, 145, 146, 163, 164, 172]","[6.928203230275507, 6.9282032302755105, 6.9282032302755105, 6.928203230275507, 6.928203230275507, 6.928203230275507]"
155,"[137, 146, 147, 164, 165, 173]","[6.928203230275507, 6.9282032302755105, 6.9282032302755105, 6.928203230275507, 6.928203230275507, 6.928203230275507]"
156,"[138, 147, 148, 165, 166, 174]","[6.928203230275507, 6.9282032302755105, 6.9282032302755105, 6.928203230275507, 6.928203230275507, 6.928203230275507]"
157,"[139, 148, 149, 166, 167, 175]","[6.928203230275507, 6.9282032302755105, 6.9282032302755105, 6.928203230275507, 6.928203230275507, 6.928203230275507]"
158,"[140, 149, 150, 167, 168, 176]","[6.928203230275507, 6.9282032302755105, 6.9282032302755105, 6.928203230275507, 6.928203230275507, 6.928203230275507]"
159,"[141, 150, 151, 168, 169, 177]","[6.928203230275507, 6.9282032302755105, 6.9282032302755105, 6.928203230275507, 6.928203230275507, 6.928203230275507]"
160,"[142, 151, 152, 169, 170, 178]","[6.928203230275507, 6.9282032302755105, 6.9282032302755105, 6.928203230275507, 6.928203230275507, 6.928203230275507]"
161,"[143, 152, 170, 179]","[6.928203230275507, 6.9282032302755105, 6.928203230275507, 6.928203230275507]"
162,"[144, 153, 171, 180]","[6.928203230275507, 6.928203230275507, 6.9282032302755105, 6.928203230275507]"
163,"[145, 153, 154, 171, 172, 181]","[6.928203230275507, 6.928203230275507, 6.928203230275507, 6.9282032302755105, 6.9282032302755105, 6.928203230275507]"
164,"[146, 154, 155, 172, 173, 182]","[6.928203230275507, 6.928203230275507, 6.928203230275507, 6.9282032302755105, 6.9282032302755105, 6.928203230275507]"
165,"[147, 155, 156, 173, 174, 183]","[6.928203230275507, 6.928203230275507, 6.928203230275507, 6.9282032302755105, 6.9282032302755105, 6.928203230275507]"
166,"[148, 156, 157, 174, 175, 184]","[6.928203230275507, 6.928203230275507, 6.928203230275507, 6.9282032302755105, 6.9282032302755105, 6.928203230275507]"
167,"[149, 157, 158, 175, 176, 185]","[6.928203230275507, 6.928203230275507, 6.928203230275507, 6.9282032302755105, 6.9282032302755105, 6.928203230275507]"
168,"[150, 158, 159, 176, 177, 186]","[6.928203230275507, 6.928203230275507, 6.928203230275507, 6.9282032302755105, 6.9282032302755105, 6.928203230275507]"
169,"[151, 159, 160, 177, 178, 187]","[6.928203230275507, 6.928203230275507, 6.928203230275507, 6.9282032302755105, 6.9282032302755105, 6.928203230275507]"
170,"[152, 160, 161, 178, 179, 188]","[6.928203230275507, 6.928203230275507, 6.928203230275507, 6.9282032302755105, 6.9282032302755105, 6.928203230275507]"
171,"[153, 162, 163, 180, 181, 189]","[6.928203230275507, 6.9282032302755105, 6.9282032302755105, 6.928203230275507, 6.928203230275507, 6.9282032302755]"
172,"[154, 163, 164, 181, 182, 190]","[6.928203230275507, 6.9282032302755105, 6.9282032302755105, 6.928203230275507, 6.928203230275507, 6.9282032302755]"
173,"[155, 164, 165, 182, 183, 191]","[6.928203230275507, 6.9282032302755105, 6.9282032302755105, 6.928203230275507, 6.928203230275507, 6.9282032302755]"
174,"[156, 165, 166, 183, 184, 192]","[6.928203230275507, 6.9282032302755105, 6.9282032302755105, 6.928203230275507, 6.928203230275507, 6.9282032302755]"
175,"[157, 166, 167, 184, 185, 193]","[6.928203230275507, 6.9282032302755105, 6.9282032302755105, 6.928203230275507, 6.928203230275507, 6.9282032302755]"
176,"[158, 167, 168, 185, 186, 194]","[6.928203230275507, 6.9282032302755105, 6.9282032302755105, 6.928203230275507, 6.928203230275507, 6.9282032302755]"
177,"[159, 168, 169, 186, 187, 195]","[6.928203230275507, 6.9282032302755105, 6.9282032302755105, 6.928203230275507, 6.928203230275507, 6.9282032302755]"
178,"[160, 169, 170, 187, 188, 196]","[6.928203230275507, 6.9282032302755105, 6.9282032302755105, 6.928203230275507, 6.928203230275507, 6.9282032302755]"
179,"[161, 170, 188, 197]","[6.928203230275507, 6.9282032302755105, 6.928203230275507, 6.9282032302755]"
180,"[162, 171, 189, 198]","[6.928203230275507, 6.928203230275507, 6.928203230275507, 6.928203230275514]"
181,"[163, 171, 172, 189, 190, 199]","[6.928203230275507, 6.928203230275507, 6.928203230275507, 6.928203230275507, 6.928203230275507, 6.928203230275514]"
182,"[164, 172, 173, 190, 191, 200]","[6.928203230275507, 6.928203230275507, 6.928203230275507, 6.928203230275507, 6.928203230275507, 6.928203230275514]"
183,"[165, 173, 174, 191, 192, 201]","[6.928203230275507, 6.928203230275507, 6.928203230275507, 6.928203230275507, 6.928203230275507, 6.928203230275514]"
184,"[166, 174, 175, 192, 193, 202]","[6.928203230275507, 6.928203230275507, 6.928203230275507, 6.928203230275507, 6.928203230275507, 6.928203230275514]"
185,"[167, 175, 176, 193, 194, 203]","[6.928203230275507, 6.928203230275507, 6.928203230275507, 6.928203230275507, 6.928203230275507, 6.928203230275514]"
186,"[168, 176, 177, 194, 195, 204]","[6.928203230275507, 6.928203230275507, 6.928203230275507, 6.928203230275507, 6.928203230275507, 6.928203230275514]"
187,"[169, 177, 178, 195, 196, 205]","[6.928203230275507, 6.928203230275507, 6.928203230275507, 6.928203230275507, 6.928203230275507, 6.928203230275514]"
188,"[170, 178, 179, 196, 197, 206]","[6.928203230275507, 6.928203230275507, 6.928203230275507, 6.928203230275507, 6.928203230275507, 6.928203230275514]"
189,"[171, 180, 181, 198, 199, 207]","[6.9282032302755, 6.928203230275507, 6.928203230275507, 6.928203230275514, 6.928203230275514, 6.928203230275514]"
190,"[172, 181, 182, 199, 200, 208]","[6.9282032302755, 6.928203230275507, 6.928203230275507, 6.928203230275514, 6.928203230275514, 6.928203230275514]"
191,"[173, 182, 183, 200, 201, 209]","[6.9282032302755, 6.928203230275507, 6.928203230275507, 6.928203230275514, 6.928203230275514, 6.928203230275514]"
192,"[174, 183, 184, 201, 202, 210]","[6.9282032302755, 6.928203230275507, 6.928203230275507, 6.928203230275514, 6.928203230275514, 6.928203230275514]"
193,"[175, 184, 185, 202, 203, 211]","[6.9282032302755, 6.928203230275507, 6.928203230275507, 6.928203230275514, 6.928203230275514, 6.928203230275514]"
194,"[176, 185, 186, 203, 204, 212]","[6.9282032302755, 6.928203230275507, 6.928203230275507, 6.928203230275514, 6.928203230275514, 6.928203230275514]"
195,"[177, 186, 187, 204, 205, 213]","[6.9282032302755, 6.928203230275507, 6.928203230275507, 6.928203230275514, 6.928203230275514, 6.928203230275514]"
196,"[178, 187, 188, 205, 206, 214]","[6.9282032302755, 6.928203230275507, 6.928203230275507, 6.928203230275514, 6.928203230275514, 6.928203230275514]"
197,"[179, 188, 206, 215]","[6.9282032302755, 6.928203230275507, 6.928203230275514, 6.928203230275514]"
198,"[180, 189, 207, 216]","[6.928203230275514, 6.928203230275514, 6.928203230275507, 6.928203230275514]"
199,"[181, 189, 190, 207, 208, 217]","[6.928203230275514, 6.928203230275514, 6.928203230275514, 6.928203230275507, 6.928203230275507, 6.928203230275514]"
200,"[182, 190, 191, 208, 209, 218]","[6.928203230275514, 6.928203230275514, 6.928203230275514, 6.928203230275507, 6.928203230275507, 6.928203230275514]"
201,"[183, 191, 192, 209, 210, 219]","[6.928203230275514, 6.928203230275514, 6.928203230275514, 6.928203230275507, 6.928203230275507, 6.928203230275514]"
202,"[184, 192, 193, 210, 211, 220]","[6.928203230275514, 6.928203230275514, 6.928203230275514, 6.928203230275507, 6.928203230275507, 6.928203230275514]"
203,"[185, 193, 194, 211, 212, 221]","[6.928203230275514, 6.928203230275514, 6.928203230275514, 6.928203230275507, 6.928203230275507, 6.928203230275514]"
204,"[186, 194, 195, 212, 213, 222]","[6.928203230275514, 6.928203230275514, 6.928203230275514, 6.928203230275507, 6.928203230275507, 6.928203230275514]"
205,"[187, 195, 196, 213, 214, 223]","[6.928203230275514, 6.928203230275514, 6.928203230275514, 6.928203230275507, 6.928203230275507, 6.928203230275514]"
206,"[188, 196, 197, 214, 215, 224]","[6.928203230275514, 6.928203230275514, 6.928203230275514, 6.928203230275507, 6.928203230275507, 6.928203230275514]"
207,"[189, 198, 199, 216, 217, 225]","[6.928203230275514, 6.928203230275507, 6.928203230275507, 6.928203230275514, 6.928203230275514, 6.928203230275514]"
208,"[190, 199, 200, 217, 218, 226]","[6.928203230275514, 6.928203230275507, 6.928203230275507, 6.928203230275514, 6.928203230275514, 6.928203230275514]"
209,"[191, 200, 201, 218, 219, 227]","[6.928203230275514, 6.928203230275507, 6.928203230275507, 6.928203230275514, 6.928203230275514, 6.928203230275514]"
210,"[192, 201, 202, 219, 220, 228]","[6.928203230275514, 6.928203230275507, 6.928203230275507, 6.928203230275514, 6.928203230275514, 6.928203230275514]"
211,"[193, 202, 203, 220, 221, 229]","[6.928203230275514, 6.928203230275507, 6.928203230275507, 6.928203230275514, 6.928203230275514, 6.928203230275514]"
212,"[194, 203, 204, 221, 222, 230]","[6.928203230275514, 6.928203230275507, 6.928203230275507, 6.928203230275514, 6.928203230275514, 6.928203230275514]"
213,"[195, 204, 205, 222, 223, 231]","[6.928203230275514, 6.928203230275507, 6.928203230275507, 6.928203230275514, 6.928203230275514, 6.928203230275514]"
214,"[196, 205, 206, 223, 224, 232]","[6.928203230275514, 6.928203230275507, 6.928203230275507, 6.928203230275514, 6.928203230275514, 6.928203230275514]"
215,"[197, 206, 224, 233]","[6.928203230275514, 6.928203230275507, 6.928203230275514, 6.928203230275514]"
216,"[198, 207, 225, 234]","[6.928203230275514, 6.928203230275514, 6.928203230275507, 6.9282032302755]"
217,"[199, 207, 208, 225, 226, 235]","[6.928203230275514, 6.928203230275514, 6.928203230275514, 6.928203230275507, 6.928203230275507, 6.9282032302755]"
218,"[200, 208, 209, 226, 227, 236]","[6.928203230275514, 6.928203230275514, 6.928203230275514, 6.928203230275507, 6.928203230275507, 6.9282032302755]"
219,"[201, 209, 210, 227, 228, 237]","[6.928203230275514, 6.928203230275514, 6.928203230275514, 6.928203230275507, 6.928203230275507, 6.9282032302755]"
220,"[202, 210, 211, 228, 229, 238]","[6.928203230275514, 6.928203230275514, 6.928203230275514, 6.928203230275507, 6.928203230275507, 6.9282032302755]"
221,"[203, 211, 212, 229, 230, 239]","[6.928203230275514, 6.928203230275514, 6.928203230275514, 6.928203230275507, 6.928203230275507, 6.9282032302755]"
222,"[204, 212, 213, 230, 231, 240]","[6.928203230275514, 6.928203230275514, 6.928203230275514, 6.928203230275507, 6.928203230275507, 6.9282032302755]"
223,"[205, 213, 214, 231, 232, 241]","[6.928203230275514, 6.928203230275514, 6.928203230275514, 6.928203230275507, 6.928203230275507, 6.9282032302755]"
224,"[206, 214, 215, 232, 233, 242]","[6.928203230275514, 6.928203230275514, 6.928203230275514, 6.928203230275507, 6.928203230275507, 6.9282032302755]"
225,"[207, 216, 217, 234, 235, 243]","[6.928203230275514, 6.928203230275507, 6.928203230275507, 6.928203230275507, 6.928203230275507, 6.9282032302755]"
226,"[208, 217, 218, 235, 236, 244]","[6.928203230275514, 6.928203230275507, 6.928203230275507, 6.928203230275507, 6.928203230275507, 6.9282032302755]"
227,"[209, 218, 219, 236, 237, 245]","[6.928203230275514, 6.928203230275507, 6.928203230275507, 6.928203230275507, 6.928203230275507, 6.9282032302755]"
228,"[210, 219, 220, 237, 238, 246]","[6.928203230275514, 6.928203230275507, 6.928203230275507, 6.928203230275507, 6.928203230275507, 6.9282032302755]"
229,"[211, 220, 221, 238, 239, 247]","[6.928203230275514, 6.928203230275507, 6.928203230275507, 6.928203230275507, 6.928203230275507, 6.9282032302755]"
230,"[212, 221, 222, 239, 240, 248]","[6.928203230275514, 6.928203230275507, 6.928203230275507, 6.928203230275507, 6.928203230275507, 6.9282032302755]"
231,"[213, 222, 223, 240, 241, 249]","[6.928203230275514, 6.928203230275507, 6.928203230275507, 6.928203230275507, 6.928203230275507, 6.9282032302755]"
232,"[214, 223, 224, 241, 242, 250]","[6.928203230275514, 6.928203230275507, 6.928203230275507, 6.928203230275507, 6.928203230275507, 6.9282032302755]"
233,"[215, 224, 242, 251]","[6.928203230275514, 6.928203230275507, 6.928203230275507, 6.9282032302755]"
234,"[216, 225, 243, 252]","[6.9282032302755, 6.928203230275507, 6.928203230275507, 6.928203230275514]"
235,"[217, 225, 226, 243, 244, 253]","[6.9282032302755, 6.928203230275507, 6.928203230275507, 6.928203230275507, 6.928203230275507, 6.928203230275514]"
236,"[218, 226, 227, 244, 245, 254]","[6.9282032302755, 6.928203230275507, 6.928203230275507, 6.928203230275507, 6.928203230275507, 6.928203230275514]"
237,"[219, 227, 228, 245, 246, 255]","[6.9282032302755, 6.928203230275507, 6.928203230275507, 6.928203230275507, 6.928203230275507, 6.928203230275514]"
238,"[220, 228, 229, 246, 247, 256]","[6.9282032302755, 6.928203230275507, 6.928203230275507, 6.928203230275507, 6.928203230275507, 6.928203230275514]"
239,"[221, 229, 230, 247, 248, 257]","[6.9282032302755, 6.928203230275507, 6.928203230275507, 6.928203230275507, 6.928203230275507, 6.928203230275514]"
240,"[222, 230, 231, 248, 249, 258]","[6.9282032302755, 6.928203230275507, 6.928203230275507, 6.928203230275507, 6.928203230275507, 6.928203230275514]"
241,"[223, 231, 232, 249, 250, 259]","[6.9282032302755, 6.928203230275507, 6.928203230275507, 6.928203230275507, 6.928203230275507, 6.928203230275514]"
242,"[224, 232, 233, 250, 251, 260]","[6.9282032302755, 6.928203230275507, 6.928203230275507, 6.928203230275507, 6.928203230275507, 6.928203230275514]"
243,"[225, 234, 235, 252, 253, 261]","[6.9282032302755, 6.928203230275507, 6.928203230275507, 6.928203230275514, 6.928203230275514, 6.928203230275514]"
244,"[226, 235, 236, 253, 254, 262]","[6.9282032302755, 6.928203230275507, 6.928203230275507, 6.928203230275514, 6.928203230275514, 6.928203230275514]"
245,"[227, 236, 237, 254, 255, 263]","[6.9282032302755, 6.928203230275507, 6.928203230275507, 6.928203230275514, 6.928203230275514, 6.928203230275514]"
246,"[228, 237, 238, 255, 256, 264]","[6.9282032302755, 6.928203230275507, 6.928203230275507, 6.928203230275514, 6.928203230275514, 6.928203230275514]"
247,"[229, 238, 239, 256, 257, 265]","[6.9282032302755, 6.928203230275507, 6.928203230275507, 6.928203230275514, 6.928203230275514, 6.928203230275514]"
248,"[230, 239, 240, 257, 258, 266]","[6.9282032302755, 6.928203230275507, 6.928203230275507, 6.928203230275514, 6.928203230275514, 6.928203230275514]"
249,"[231, 240, 241, 258, 259, 267]","[6.9282032302755, 6.928203230275507, 6.928203230275507, 6.928203230275514, 6.928203230275514, 6.928203230275514]"
250,"[232, 241, 242, 259, 260, 268]","[6.9282032302755, 6.928203230275507, 6.928203230275507, 6.928203230275514, 6.928203230275514, 6.928203230275514]"
251,"[233, 242, 260, 269]","[6.9282032302755, 6.928203230275507, 6.928203230275514, 6.928203230275514]"
252,"[234, 243, 261, 270]","[6.928203230275514, 6.928203230275514, 6.928203230275507, 6.9282032302755]"
253,"[235, 243, 244, 261, 262, 271]","[6.928203230275514, 6.928203230275514, 6.928203230275514, 6.928203230275507, 6.928203230275507, 6.9282032302755]"
254,"[236, 244, 245, 262, 263, 272]","[6.928203230275514, 6.928203230275514, 6.928203230275514, 6.928203230275507, 6.928203230275507, 6.9282032302755]"
255,"[237, 245, 246, 263, 264, 273]","[6.928203230275514, 6.928203230275514, 6.928203230275514, 6.928203230275507, 6.928203230275507, 6.9282032302755]"
256,"[238, 246, 247, 264, 265, 274]","[6.928203230275514, 6.928203230275514, 6.928203230275514, 6.928203230275507, 6.928203230275507, 6.9282032302755]"
257,"[239, 247, 248, 265, 266, 275]","[6.928203230275514, 6.928203230275514, 6.928203230275514, 6.928203230275507, 6.928203230275507, 6.9282032302755]"
258,"[240, 248, 249, 266, 267, 276]","[6.928203230275514, 6.928203230275514, 6.928203230275514, 6.928203230275507, 6.928203230275507, 6.9282032302755]"
259,"[241, 249, 250, 267, 268, 277]","[6.928203230275514, 6.928203230275514, 6.928203230275514, 6.928203230275507, 6.928203230275507, 6.9282032302755]"
260,"[242, 250, 251, 268, 269, 278]","[6.928203230275514, 6.928203230275514, 6.928203230275514, 6.928203230275507, 6.928203230275507, 6.9282032302755]"
261,"[243, 252, 253, 270, 271, 279]","[6.928203230275514, 6.928203230275507, 6.928203230275507, 6.928203230275507, 6.928203230275507, 6.9282032302755]"
262,"[244, 253, 254, 271, 272, 280]","[6.928203230275514, 6.928203230275507, 6.928203230275507, 6.928203230275507, 6.928203230275507, 6.9282032302755]"
263,"[245, 254, 255, 272, 273, 281]","[6.928203230275514, 6.928203230275507, 6.928203230275507, 6.928203230275507, 6.928203230275507, 6.9282032302755]"
264,"[246, 255, 256, 273, 274, 282]","[6.928203230275514, 6.928203230275507, 6.928203230275507, 6.928203230275507, 6.928203230275507, 6.9282032302755]"
265,"[247, 256, 257, 274, 275, 283]","[6.928203230275514, 6.928203230275507, 6.928203230275507, 6.928203230275507, 6.928203230275507, 6.9282032302755]"
266,"[248, 257, 258, 275, 276, 284]","[6.928203230275514, 6.928203230275507, 6.928203230275507, 6.928203230275507, 6.928203230275507, 6.9282032302755]"
267,"[249, 258, 259, 276, 277, 285]","[6.928203230275514, 6.928203230275507, 6.928203230275507, 6.928203230275507, 6.928203230275507, 6.9282032302755]"
268,"[250, 259, 260, 277, 278, 286]","[6.928203230275514, 6.928203230275507, 6.928203230275507, 6.928203230275507, 6.928203230275507, 6.9282032302755]"
269,"[251, 260, 278, 287]","[6.928203230275514, 6.928203230275507, 6.928203230275507, 6.9282032302755]"
270,"[252, 261, 279, 288]","[6.9282032302755, 6.928203230275507, 6.928203230275507, 6.928203230275514]"
271,"[253, 261, 262, 279, 280, 289]","[6.9282032302755, 6.928203230275507, 6.928203230275507, 6.928203230275507, 6.928203230275507, 6.928203230275514]"
272,"[254, 262, 263, 280, 281, 290]","[6.9282032302755, 6.928203230275507, 6.928203230275507, 6.928203230275507, 6.928203230275507, 6.928203230275514]"
273,"[255, 263, 264, 281, 282, 291]","[6.9282032302755, 6.928203230275507, 6.928203230275507, 6.928203230275507, 6.928203230275507, 6.928203230275514]"
274,"[256, 264, 265, 282, 283, 292]","[6.9282032302755, 6.928203230275507, 6.928203230275507, 6.928203230275507, 6.928203230275507, 6.928203230275514]"
275,"[257, 265, 266, 283, 284, 293]","[6.9282032302755, 6.928203230275507, 6.928203230275507, 6.928203230275507, 6.928203230275507, 6.928203230275514]"
276,"[258, 266, 267, 284, 285, 294]","[6.9282032302755, 6.928203230275507, 6.928203230275507, 6.928203230275507, 6.928203230275507, 6.928203230275514]"
277,"[259, 267, 268, 285, 286, 295]","[6.9282032302755, 6.928203230275507, 6.928203230275507, 6.928203230275507, 6.928203230275507, 6.928203230275514]"
278,"[260, 268, 269, 286, 287, 296]","[6.9282032302755, 6.928203230275507, 6.928203230275507, 6.928203230275507, 6.928203230275507, 6.928203230275514]"
279,"[261, 270, 271, 288, 289, 297]","[6.9282032302755, 6.928203230275507, 6.928203230275507, 6.928203230275514, 6.928203230275514, 6.928203230275514]"
280,"[262, 271, 272, 289, 290, 298]","[6.9282032302755, 6.928203230275507, 6.928203230275507, 6.928203230275514, 6.928203230275514, 6.928203230275514]"
281,"[263, 272, 273, 290, 291, 299]","[6.9282032302755, 6.928203230275507, 6.928203230275507, 6.928203230275514, 6.928203230275514, 6.928203230275514]"
282,"[264, 273, 274, 291, 292, 300]","[6.9282032302755, 6.928203230275507, 6.928203230275507, 6.928203230275514, 6.928203230275514, 6.928203230275514]"
283,"[265, 274, 275, 292, 293, 301]","[6.9282032302755, 6.928203230275507, 6.928203230275507, 6.928203230275514, 6.928203230275514, 6.928203230275514]"
284,"[266, 275, 276, 293, 294, 302]","[6.9282032302755, 6.928203230275507, 6.928203230275507, 6.928203230275514, 6.928203230275514, 6.928203230275514]"
285,"[267, 276, 277, 294, 295, 303]","[6.9282032302755, 6.928203230275507, 6.928203230275507, 6.928203230275514, 6.928203230275514, 6.928203230275514]"
286,"[268, 277, 278, 295, 296, 304]","[6.9282032302755, 6.928203230275507, 6.928203230275507, 6.928203230275514, 6.928203230275514, 6.928203230275514]"
287,"[269, 278, 296, 305]","[6.9282032302755, 6.928203230275507, 6.928203230275514, 6.928203230275514]"
288,"[270, 279, 297, 306]","[6.928203230275514, 6.928203230275514, 6.928203230275507, 6.928203230275514]"
289,"[271, 279, 280, 297, 298, 307]","[6.928203230275514, 6.928203230275514, 6.928203230275514, 6.928203230275507, 6.928203230275507, 6.928203230275514]"
290,"[272, 280, 281, 298, 299, 308]","[6.928203230275514, 6.928203230275514, 6.928203230275514, 6.928203230275507, 6.928203230275507, 6.928203230275514]"
291,"[273, 281, 282, 299, 300, 309]","[6.928203230275514, 6.928203230275514, 6.928203230275514, 6.928203230275507, 6.928203230275507, 6.928203230275514]"
292,"[274, 282, 283, 300, 301, 310]","[6.928203230275514, 6.928203230275514, 6.928203230275514, 6.928203230275507, 6.928203230275507, 6.928203230275514]"
293,"[275, 283, 284, 301, 302, 311]","[6.928203230275514, 6.928203230275514, 6.928203230275514, 6.928203230275507, 6.928203230275507, 6.928203230275514]"
294,"[276, 284, 285, 302, 303, 312]","[6.928203230275514, 6.928203230275514, 6.928203230275514, 6.928203230275507, 6.928203230275507, 6.928203230275514]"
295,"[277, 285, 286, 303, 304, 313]","[6.928203230275514, 6.928203230275514, 6.928203230275514, 6.928203230275507, 6.928203230275507, 6.928203230275514]"
296,"[278, 286, 287, 304, 305, 314]","[6.928203230275514, 6.928203230275514, 6.928203230275514, 6.928203230275507, 6.928203230275507, 6.928203230275514]"
297,"[279, 288, 289, 306, 307, 315]","[6.928203230275514, 6.928203230275507, 6.928203230275507, 6.928203230275514, 6.928203230275514, 6.928203230275514]"
298,"[280, 289, 290, 307, 308, 316]","[6.928203230275514, 6.928203230275507, 6.928203230275507, 6.928203230275514, 6.928203230275514, 6.928203230275514]"
299,"[281, 290, 291, 308, 309, 317]","[6.928203230275514, 6.928203230275507, 6.928203230275507, 6.928203230275514, 6.928203230275514, 6.928203230275514]"
300,"[282, 291, 292, 309, 310, 318]","[6.928203230275514, 6.928203230275507, 6.928203230275507, 6.928203230275514, 6.928203230275514, 6.928203230275514]"
301,"[283, 292, 293, 310, 311, 319]","[6.928203230275514, 6.928203230275507, 6.928203230275507, 6.928203230275514, 6.928203230275514, 6.928203230275514]"
302,"[284, 293, 294, 311, 312, 320]","[6.928203230275514, 6.928203230275507, 6.928203230275507, 6.928203230275514, 6.928203230275514, 6.928203230275514]"
303,"[285, 294, 295, 312, 313, 321]","[6.928203230275514, 6.928203230275507, 6.928203230275507, 6.928203230275514, 6.928203230275514, 6.928203230275514]"
304,"[286, 295, 296, 313, 314, 322]","[6.928203230275514, 6.928203230275507, 6.928203230275507, 6.928203230275514, 6.928203230275514, 6.928203230275514]"
305,"[287, 296, 314, 323]","[6.928203230275514, 6.928203230275507, 6.928203230275514, 6.928203230275514]"
306,"[288, 297, 315, 324]","[6.928203230275514, 6.928203230275514, 6.928203230275507, 6.9282032302755]"
307,"[289, 297, 298, 315, 316, 325]","[6.928203230275514, 6.928203230275514, 6.928203230275514, 6.928203230275507, 6.928203230275507, 6.9282032302755]"
308,"[290, 298, 299, 316, 317, 326]","[6.928203230275514, 6.928203230275514, 6.928203230275514, 6.928203230275507, 6.928203230275507, 6.9282032302755]"
309,"[291, 299, 300, 317, 318, 327]","[6.928203230275514, 6.928203230275514, 6.928203230275514, 6.928203230275507, 6.928203230275507, 6.9282032302755]"
310,"[292, 300, 301, 318, 319, 328]","[6.928203230275514, 6.928203230275514, 6.928203230275514, 6.928203230275507, 6.928203230275507, 6.9282032302755]"
311,"[293, 301, 302, 319, 320, 329]","[6.928203230275514, 6.928203230275514, 6.928203230275514, 6.928203230275507, 6.928203230275507, 6.9282032302755]"
312,"[294, 302, 303, 320, 321, 330]","[6.928203230275514, 6.928203230275514, 6.928203230275514, 6.928203230275507, 6.928203230275507, 6.9282032302755]"
313,"[295, 303, 304, 321, 322, 331]","[6.928203230275514, 6.928203230275514, 6.928203230275514, 6.928203230275507, 6.928203230275507, 6.9282032302755]"
314,"[296, 304, 305, 322, 323, 332]","[6.928203230275514, 6.928203230275514, 6.928203230275514, 6.928203230275507, 6.928203230275507, 6.9282032302755]"
315,"[297, 306, 307, 324, 325, 333]","[6.928203230275514, 6.928203230275507, 6.928203230275507, 6.928203230275507, 6.928203230275507, 6.9282032302755]"
316,"[298, 307, 308, 325, 326, 334]","[6.928203230275514, 6.928203230275507, 6.928203230275507, 6.928203230275507, 6.928203230275507, 6.9282032302755]"
317,"[299, 308, 309, 326, 327, 335]","[6.928203230275514, 6.928203230275507, 6.928203230275507, 6.928203230275507, 6.928203230275507, 6.9282032302755]"
318,"[300, 309, 310, 327, 328, 336]","[6.928203230275514, 6.928203230275507, 6.928203230275507, 6.928203230275507, 6.928203230275507, 6.9282032302755]"
319,"[301, 310, 311, 328, 329, 337]","[6.928203230275514, 6.928203230275507, 6.928203230275507, 6.928203230275507, 6.928203230275507, 6.9282032302755]"
320,"[302, 311, 312, 329, 330, 338]","[6.928203230275514, 6.928203230275507, 6.928203230275507, 6.928203230275507, 6.928203230275507, 6.9282032302755]"
321,"[303, 312, 313, 330, 331, 339]","[6.928203230275514, 6.928203230275507, 6.928203230275507, 6.928203230275507, 6.928203230275507, 6.9282032302755]"
322,"[304, 313, 314, 331, 332, 340]","[6.928203230275514, 6.928203230275507, 6.928203230275507, 6.928203230275507, 6.928203230275507, 6.9282032302755]"
323,"[305, 314, 332, 341]","[6.928203230275514, 6.928203230275507, 6.928203230275507, 6.9282032302755]"
324,"[306, 315, 333]","[6.9282032302755, 6.928203230275507, 6.928203230275507]"
325,"[307, 315, 316, 333, 334]","[6.9282032302755, 6.928203230275507, 6.928203230275507, 6.928203230275507, 6.928203230275507]"
326,"[308, 316, 317, 334, 335]","[6.9282032302755, 6.928203230275507, 6.928203230275507, 6.928203230275507, 6.928203230275507]"
327,"[309, 317, 318, 335, 336]","[6.9282032302755, 6.928203230275507, 6.928203230275507, 6.928203230275507, 6.928203230275507]"
328,"[310, 318, 319, 336, 337]","[6.9282032302755, 6.928203230275507, 6.928203230275507, 6.928203230275507, 6.928203230275507]"
329,"[311, 319, 320, 337, 338]","[6.9282032302755, 6.928203230275507, 6.928203230275507, 6.928203230275507, 6.928203230275507]"
330,"[312, 320, 321, 338, 339]","[6.9282032302755, 6.928203230275507, 6.928203230275507, 6.928203230275507, 6.928203230275507]"
331,"[313, 321, 322, 339, 340]","[6.9282032302755, 6.928203230275507, 6.928203230275507, 6.928203230275507, 6.928203230275507]"
332,"[314, 322, 323, 340, 341]","[6.9282032302755, 6.928203230275507, 6.928203230275507, 6.928203230275507, 6.928203230275507]"
333,"[315, 324, 325]","[6.9282032302755, 6.928203230275507, 6.928203230275507]"
334,"[316, 325, 326]","[6.9282032302755, 6.928203230275507, 6.928203230275507]"
335,"[317, 326, 327]","[6.9282032302755, 6.928203230275507, 6.928203230275507]"
336,"[318, 327, 328]","[6.9282032302755, 6.928203230275507, 6.928203230275507]"
337,"[319, 328, 329]","[6.9282032302755, 6.928203230275507, 6.928203230275507]"
338,"[320, 329, 330]","[6.9282032302755, 6.928203230275507, 6.928203230275507]"
339,"[321, 330, 331]","[6.9282032302755, 6.928203230275507, 6.928203230275507]"
340,"[322, 331, 332]","[6.9282032302755, 6.928203230275507, 6.928203230275507]"
341,"[323, 332]","[6.9282032302755, 6.928203230275507]"
